,Pdb,Group1,Group2,IntraclashesGroup1,IntraclashesGroup2,Interaction Energy,Backbone Hbond,Sidechain Hbond,Van der Waals,Electrostatics,Solvation Polar,Solvation Hydrophobic,Van der Waals clashes,entropy sidechain,entropy mainchain,sloop_entropy,mloop_entropy,cis_bond,torsional clash,backbone clash,helix dipole,water bridge,disulfide,electrostatic kon,partial covalent bonds,energy Ionisation,Entropy Complex,Number of Residues,Interface Residues,Interface Residues Clashing,Interface Residues VdW Clashing,Interface Residues BB Clashing,Is_Answer
0,1oga,A,C,24.2071,41.8662,-10.0804,-2.66583,-7.26247,-15.98,-0.428111,22.895,-19.9892,2.14678,9.43746,1.69655,0,0,0.0,0.258469,3.31709,0.0301286,0,0.0,-0.249011,0,0.0298688,2.384,412,43,0,0,0,0
1,5brz,A,C,36.5695,56.6875,-16.1003,-4.52797,-9.29024,-15.5174,-4.26115,20.4386,-18.8592,0.918789,10.4195,4.40029,0,0,0.0,0.533713,2.85409,0.00608935,0,1.77636e-15,-0.386107,0,0.0247744,2.384,418,48,0,0,0,0
2,4ms8,A,C,29.1696,28.8056,-6.25891,-1.875,-5.04482,-12.6796,-0.902399,16.5666,-16.3888,5.15486,7.51673,1.79756,0,0,0.0,0.104844,3.09085,-0.0211522,0,0.0,-0.48782,0,5.55112e-17,2.384,414,38,2,2,0,0
3,5jzi,A,C,32.5537,46.4241,-8.10278,-5.19806,-13.4241,-17.9765,-2.86191,30.1101,-21.8863,5.68346,13.5691,3.8039,0,0,0.0,0.598958,3.25843,-0.0489373,0,0.0,-0.472535,0,-2.22045e-16,2.384,421,55,2,2,0,0
4,5sws,A,C,10.5822,18.1644,-8.88281,-3.08242,-5.33487,-15.8772,-1.80071,23.1295,-19.4111,1.6998,9.38618,2.98571,0,0,0.0,0.111593,2.58988,-0.0141061,0,0.0,-0.675171,0,0.0,2.384,416,45,0,0,0,0
5,1qse,A,C,75.6617,85.6594,-6.41186,-2.9012,-7.93663,-16.9892,-3.65189,25.4896,-21.2221,5.86032,10.0508,4.81151,0,0,0.338528,0.4612,3.22626,0.00514254,0,0.0,-0.74089,0,0.0130114,2.384,416,40,0,0,0,0
6,5bs0,A,C,27.1566,42.9057,-14.6485,-3.5902,-7.22551,-15.0334,-4.46116,19.4732,-18.2146,1.73457,9.98332,2.73495,0,0,0.0,0.243822,2.34916,0.00687439,0,0.0,-0.31733,0,0.0169797,2.384,418,47,0,0,0,0
7,3mv8,A,C,23.8252,22.5745,-15.321,-4.16062,-10.3749,-17.0599,-5.88732,26.5358,-18.7216,3.53879,8.62997,3.23821,0,0,0.0,0.19071,3.43063,-0.00906443,0,0.0,-1.45184,0,0.210781,2.384,417,50,2,2,0,0
8,5jhd,A,C,29.5639,49.4113,-2.01101,-3.99,-7.23296,-18.4687,-2.7413,25.2999,-24.3713,14.0604,11.2109,4.08136,0,0,0.0,0.4971,5.00741,-0.0123389,0,0.0,-0.345762,0,0.00179097,2.384,419,52,3,3,0,0
9,3ffc,A,C,28.6291,53.9708,-9.29587,-2.85974,-7.21647,-19.3566,-0.927793,26.2142,-23.4756,2.54002,9.20418,5.87342,0,0,0.332965,0.455531,4.75598,-0.0180948,0,1.77636e-15,-0.0619243,0,2.77556e-17,2.384,422,53,0,0,0,0
10,3o4l,A,C,39.3598,82.7712,-2.95115,-3.4959,-7.02528,-18.6551,-3.43917,28.341,-21.9442,5.52844,11.7749,5.42495,0,0,0.0,0.648251,5.04549,-0.0049604,0,0.0,-0.10401,0,5.55112e-17,2.384,412,59,1,1,0,0
11,6am5,A,C,32.7914,19.9813,-9.65982,-3.57499,-7.62402,-16.8612,-0.387014,23.4726,-20.0947,1.64965,11.3095,2.08325,0,0,0.0,0.381912,3.00142,-0.0129928,0,0.0,-0.0199389,0,0.0180533,2.384,415,53,0,0,0,0
12,6eqa,A,C,44.0076,63.6122,-4.64994,-4.14329,-2.45361,-17.1321,-1.31117,22.9663,-22.1087,3.02991,9.31422,6.61335,0,0,0.0,0.904693,4.73035,0.00865813,0,0.0,-0.338849,0,0.000670241,2.384,415,48,0,0,0,0
13,4mnq,A,C,48.1999,80.7035,-12.3404,-3.77082,-6.6883,-17.9517,-1.9253,24.3882,-23.6183,1.8569,9.68253,4.91929,0,0,0.0,0.990811,4.39313,0.00465861,0,0.0,-0.262248,0,0.0339091,2.384,413,56,0,0,0,0
14,5hho,A,C,38.7684,40.9606,-12.8315,-3.32635,-11.5059,-16.5755,-2.49331,22.2638,-21.2093,4.88268,12.1973,2.61676,0,0,0.0,0.788118,3.83932,0.00173578,0,0.0,-0.487799,0,0.0162331,2.384,413,44,0,0,0,0
15,6avg,A,C,40.014,37.0229,-16.4133,-2.63001,-15.8376,-22.9325,-3.82171,33.6823,-26.3857,5.05042,10.7505,4.79603,0,0,0.0,1.5857,5.68909,0.00852705,0,0.0,-0.699591,0,0.0202913,2.384,418,57,1,1,0,0
16,6rsy,A,C,39.0332,55.6688,-18.9719,-5.63341,-13.784,-22.9083,-3.63867,32.172,-27.5436,4.19966,13.2804,3.45483,0,0,0.0,1.92927,7.38769,-0.0549986,0,0.0,-0.458135,0,0.0131245,2.384,417,60,0,0,0,0
17,4mji,A,C,59.2909,101.355,-14.7925,-4.02521,-10.5161,-22.7105,-4.71732,33.6651,-26.4335,6.17509,10.1855,3.30255,0,0,0.0,1.47698,6.29528,-0.0071987,0,0.0,-1.18785,0,5.55112e-17,2.384,409,61,2,2,1,0
18,5eu6,A,C,22.1784,19.4132,-6.2433,-3.29193,-3.00981,-18.9785,-1.4565,24.4137,-25.4931,9.00801,6.91501,5.22965,0,0,0.0,1.01368,3.78412,0.022921,0,1.77636e-15,-0.616452,0,0.0,2.384,422,42,3,3,0,0
19,1mwa,A,C,48.0456,79.8473,-11.475,-2.63732,-11.1286,-16.8841,-1.58964,25.869,-19.8741,1.65052,11.1954,1.79007,0,0,0.0,0.237541,3.77291,0.00987377,0,0.0,-0.121398,0,0.00782294,2.384,413,49,0,0,0,0
20,7jwi,A,C,9.83574,8.51234,-16.3895,-3.34921,-6.72308,-16.8897,-2.56303,23.1993,-20.9696,0.347951,8.55856,2.97609,0,0,0.0,0.110056,2.42517,-0.0159,0,0.0,-1.07094,0,1.11022e-16,2.384,417,43,0,0,0,0
21,5c08,A,C,62.2363,48.434,2.83448,-1.42619,-7.17359,-12.2266,-3.63988,18.5316,-14.1099,8.79158,7.76454,3.56545,0,0,1.21494,2.00187,2.58915,-0.00564468,0,1.77636e-15,-0.453735,0,1.94289e-16,2.384,417,42,2,2,0,0
22,3hg1,A,C,94.7335,134.263,-5.97892,-3.80165,-7.73846,-19.094,-1.51132,27.9422,-24.0496,2.77221,11.3728,6.68502,0,0,0.0,1.53998,5.67717,-0.0142712,0,0.0,-0.0932637,0,0.0115003,2.384,416,49,0,0,0,0
23,4nhu,A,C,32.95,23.7696,4.34266,-0.61161,-1.65885,-11.1369,-0.78723,13.8261,-14.9907,9.81236,6.03707,3.74985,0,0,0.0,0.296003,3.04328,-0.00822493,0,0.0,-0.18522,0,0.0,2.384,415,34,3,3,0,0
24,3rgv,A,C,90.4596,85.0976,-9.67585,-4.31979,-7.8065,-13.08,-1.60792,20.4411,-13.8657,0.561368,8.3037,2.17168,0,0,0.0,0.308772,3.08637,0.00375259,0,0.0,-0.786329,0,0.0,2.384,416,45,0,0,0,0
25,1qrn,A,C,55.3958,66.064,-4.91387,-3.53286,-3.65942,-16.934,-3.80687,24.9401,-21.2924,7.37196,8.22927,4.04064,0,0,0.0,0.346516,4.0844,-0.00298436,0,0.0,-0.613772,0,1.11022e-16,2.384,416,44,2,2,0,0
26,2vlj,A,C,24.9738,38.7721,-8.18845,-2.75443,-7.02651,-13.9379,-0.442553,18.9575,-16.8225,1.99667,7.48859,4.13709,0,0,0.0,0.493004,3.90431,0.0197365,0,0.0,-0.357335,0,0.0602388,2.384,412,40,0,0,0,0
27,4prh,A,C,33.1408,18.9965,0.337455,-5.19134,-8.96889,-21.3832,-4.73829,32.9206,-24.3018,17.0093,11.7801,4.00688,0,0,0.0,0.238612,4.53671,-0.0135876,0,0.0,-1.02078,0,0.0,2.384,417,56,3,3,0,0
28,6vqo,A,C,48.2358,55.0819,-8.92064,-2.39482,-6.48652,-12.1871,-0.882876,16.2065,-14.6066,1.63341,8.12859,1.91229,0,0,0.0,0.207675,2.38974,-0.0178146,0,0.0,-0.433414,0,2.77556e-17,2.384,417,41,0,0,0,0
29,6rpa,A,C,13.4651,17.4131,-9.24951,-5.07657,-8.02076,-22.3734,0.127611,30.347,-27.692,1.68785,13.4672,7.97474,0,0,0.0,0.254259,4.2723,-0.000219672,0,-1.77636e-15,-0.0232745,0,0.0779478,2.384,425,50,0,0,0,0
30,5m00,A,C,16.4743,19.6752,-18.851,-3.02403,-16.6021,-13.7533,-6.04966,22.905,-14.7369,1.38419,10.0292,2.04057,0,0,0.0,0.243364,1.88308,0.0150966,0,-1.77636e-15,-1.36536,0,0.0629174,2.384,414,51,0,0,0,0
31,5nmf,A,C,26.728,35.4962,-11.0533,-5.826,-8.06176,-20.3332,-0.940248,30.3359,-22.9643,3.05156,10.2923,1.96894,0,0,0.182786,1.37053,4.31402,0.0396122,0,0.0,-0.169507,0,-5.55112e-17,2.384,414,54,2,2,0,0
32,5m02,A,C,19.9937,19.9949,-12.5304,-2.12964,-12.433,-16.4005,-6.17542,27.1479,-17.9777,3.35923,9.78556,2.9936,0,0,0.0,0.378247,3.15953,0.00295431,0,-1.77636e-15,-1.15314,0,0.0715607,2.384,413,50,1,1,0,0
33,5tje,A,C,38.2494,50.6281,-12.7587,-1.87668,-14.9091,-15.7455,-5.92227,24.79,-17.2399,4.685,11.8726,2.31864,0,0,0.0,0.269483,2.0429,-0.0236589,0,0.0,-1.01458,0,0.0372547,2.384,414,51,0,0,0,0
34,5c07,A,C,31.0022,39.0706,1.38685,-1.57797,-2.68711,-14.2253,-1.91953,17.7322,-18.7746,10.8858,6.34589,3.15984,0,0,1.47244,1.44194,3.49591,0.0150163,0,1.77636e-15,-0.481841,0,-2.77556e-17,2.384,420,48,4,4,0,0
35,3uts,A,C,49.0373,70.0284,4.49211,-0.826943,-4.11861,-11.8819,-0.559738,15.6344,-15.3262,9.4875,5.93211,3.42148,0,0,1.43892,1.42396,2.62478,0.0526512,0,0.0,-0.185467,0,-1.11022e-16,2.384,420,38,3,3,0,0
36,5e6i,A,C,72.6152,78.1655,-3.08185,-1.10984,-3.91259,-18.6661,-1.64706,23.7543,-25.4721,6.17844,9.53085,7.0771,0,0,0.423858,1.16778,5.05277,-0.0295629,0,0.0,-0.378021,0,0.00116297,2.384,415,52,1,1,0,0
37,2p5e,A,C,25.4893,38.3127,-21.9713,-3.99127,-7.19738,-22.9579,-1.96963,26.2695,-31.4815,4.75458,11.3488,3.41959,0,0,0.0,0.194436,4.92063,-0.000555811,0,0.0,-0.364569,0,0.00456708,2.384,419,54,0,0,0,0
38,2f54,A,C,51.7814,56.7373,-10.4132,-4.20263,-7.3496,-20.7961,-0.54374,26.5772,-26.8525,4.67442,12.6443,4.2939,0,0,0.0,1.34524,4.12169,-0.0056975,0,0.0,-0.207734,0,0.00974865,2.384,417,52,0,0,0,0
39,3d3v,A,C,25.491,48.632,-13.7306,-3.9426,-9.57662,-17.7262,-3.2541,25.0008,-22.2074,1.83545,11.2807,4.71056,0,0,0.333315,0.297329,3.28922,-0.0156803,0,0.0,-0.486373,0,0.0201998,2.384,417,42,0,0,0,0
40,2f53,A,C,27.765,37.3197,-18.4774,-3.6116,-5.61937,-21.9122,-1.32668,26.1246,-29.2669,2.9663,9.2649,4.44458,0,0,0.0,0.704882,4.96527,-0.00213611,0,0.0,-0.246622,0,0.0028685,2.384,421,50,0,0,0,0
41,6g9q,A,C,23.621,30.5316,-13.4124,-0.84163,-10.6131,-13.2278,-4.04167,19.8886,-15.2964,0.59769,9.29097,1.24404,0,0,0.0,0.489053,2.08768,0.00603663,0,0.0,-0.95817,0,0.0500388,2.384,414,42,0,0,0,0
42,6l9l,A,C,41.6793,23.7485,-4.80043,-1.51602,-3.29605,-10.3433,-0.291186,13.7421,-12.9537,2.13501,6.34743,1.19673,0,0,0.0,0.212751,1.50944,0.0130721,0,1.77636e-15,-0.0896729,0,0.0425193,2.384,410,41,1,1,0,0
43,2j8u,A,C,15.5874,13.2911,-3.7407,-1.88892,-3.33165,-18.4279,-0.859423,22.27,-24.5698,8.97295,8.81443,4.97973,0,0,0.24504,0.312681,3.39443,0.0385363,0,0.0,-0.301937,0,0.00561116,2.384,410,53,2,2,0,0
44,5hyj,A,C,46.1463,57.0562,0.521225,-1.70911,-2.50831,-15.0316,-1.57459,19.0892,-19.2492,8.7272,6.81921,3.49091,0,0,1.33978,1.56087,4.41985,0.0337543,0,0.0,-0.466913,0,1.11022e-16,2.384,420,45,2,2,0,0
45,6vrn,A,C,30.0217,40.4149,-10.0117,-2.05692,-8.17305,-11.9678,-1.78169,16.0301,-14.4414,2.51749,7.99401,2.03673,0,0,0.0,0.303768,1.39727,0.028671,0,0.0,-0.536827,0,0.0352621,2.384,416,46,1,1,0,0
46,2e7l,A,C,29.2929,31.9786,-13.2972,-3.54481,-4.97154,-17.0146,-2.30269,21.1309,-21.6125,5.28668,6.07634,3.61453,0,0,0.0,0.430013,4.47609,0.0339177,0,0.0,-0.42348,0,0.0,2.384,414,44,2,2,0,0
47,2p5w,A,C,35.9531,28.0351,-19.4969,-3.81121,-6.02088,-20.5787,-0.981628,24.7797,-28.0808,2.25884,10.383,2.43102,0,0,0.0,0.351798,4.52271,0.00485438,0,0.0,-0.251789,0,0.0189048,2.384,419,49,0,0,0,0
48,6uon,A,C,41.922,67.9229,-4.41987,-0.724305,-6.76923,-11.1077,-3.57332,19.6723,-12.2501,2.95223,6.29837,1.30304,0,0,0.0,0.464195,1.64362,-0.0249326,0,0.0,-0.660321,0,0.0,2.384,411,40,1,1,0,0
49,4ftv,A,C,38.2083,25.5658,-7.92643,-2.17789,-4.71609,-19.3121,-2.71177,26.3843,-25.3204,6.37672,9.81934,3.52986,0,0,0.0,0.368747,7.16937,0.0641509,0,0.0,-0.231312,0,5.55112e-17,2.384,418,49,2,2,0,0
50,5tez,A,C,38.5215,35.051,-16.9296,-1.59678,-6.2498,-15.5203,-1.62359,17.4377,-22.8981,0.879245,9.7442,2.85698,0,0,0.0,0.560881,2.52202,0.00218915,0,0.0,-0.529418,0,0.00717246,2.384,416,48,0,0,0,0
51,5euo,A,C,29.5014,44.9653,-11.1084,-4.64656,-6.64048,-18.9235,-1.03272,24.5382,-24.0047,5.32618,11.1287,2.48989,0,0,0.0,0.882765,4.18792,-0.00229697,0,-1.77636e-15,-0.263831,0,0.039956,2.384,414,51,2,2,0,0
52,5til,A,C,24.9774,34.8673,-18.2916,-3.34128,-13.6975,-15.3718,-5.68083,24.0199,-17.1634,2.0396,9.16523,2.57967,0,0,0.0,0.320894,2.01698,0.000451795,0,0.0,-1.19979,0,0.0371808,2.384,416,51,0,0,0,0
53,3qdj,A,C,18.1717,26.5533,-9.2149,-3.4247,-7.82202,-16.4256,0.336078,23.5424,-19.8826,0.999177,11.3157,1.68165,0,0,0.0,0.537039,3.22504,-0.00103508,0,0.0,-0.082123,0,0.0111233,2.384,414,53,0,0,0,0
54,3tpu,A,C,65.206,72.9495,0.188395,-3.61769,-4.14098,-19.3109,-2.6211,25.1168,-24.7367,17.7881,8.31206,3.36403,0,0,0.0,0.218696,5.35384,0.0238659,0,1.77636e-15,-0.207765,0,0.0,2.384,417,50,3,3,0,0
55,5wkh,A,C,17.7998,36.6521,-0.920109,-5.83729,-10.3213,-18.8381,-4.66141,26.0622,-23.6497,18.7484,11.9276,4.25387,0,0,0.00996343,2.23469,6.94393,0.00377131,0,4.44089e-16,-0.852943,0,0.0,2.384,416,52,4,3,1,0
56,7n1f,A,C,24.6128,27.6278,-10.6616,-2.25837,-8.85904,-15.0041,-5.89208,24.7557,-17.5865,1.82854,11.7156,1.7046,0,0,0.0,0.152556,2.39026,0.00978042,0,-1.77636e-15,-1.22825,0,1.11022e-16,2.384,411,52,0,0,0,0
57,5hhm,A,C,14.921,23.2847,-6.56838,-2.95323,-6.10662,-14.8435,-0.967511,20.9998,-18.1133,5.38213,7.71854,2.14455,0,0,0.0,0.319992,3.43033,0.0134544,0,0.0,-0.193237,0,0.0305855,2.384,413,44,0,0,0,0
58,3utt,A,C,84.2708,87.0407,14.4818,-1.17499,-3.51489,-11.6964,-2.07021,17.8045,-13.6111,15.2967,5.04218,2.82295,0,0,2.26839,3.69051,5.0054,-0.00176624,0,-8.88178e-16,-0.374038,0,1.11022e-16,2.384,418,44,3,3,1,0
59,3mv9,A,C,75.8701,106.908,1.6176,-6.39486,-9.58697,-18.8791,-4.82352,28.2409,-20.6828,18.3148,10.1516,3.98389,0,0,0.447598,1.46382,4.54075,-0.0135889,0,0.0,-0.675099,0,0.0709026,2.384,416,50,7,7,0,0
60,2ol3,A,C,49.9806,74.7214,-6.85517,-2.46449,-5.87557,-12.6718,-2.86785,18.9187,-15.1429,0.581406,9.65554,3.23292,0,0,0.0,0.249997,2.63628,0.0117284,0,0.0,-0.482824,0,5.55112e-17,2.384,419,51,0,0,0,0
61,3qdm,A,C,35.1255,34.1829,-7.97259,-3.1397,-6.21682,-15.8412,-1.71702,21.8419,-20.0977,2.3756,9.96216,4.50992,0,0,0.0,0.955625,3.25414,0.0314821,0,0.0,-0.667853,0,0.031067,2.384,413,44,1,1,0,0
62,3vxm,A,C,58.9228,31.8268,-0.665769,-2.21135,-3.05882,-14.3228,-1.56521,21.2034,-17.5947,3.97488,6.33535,5.59126,0,0,0.314131,1.05403,4.08276,0.0777389,0,-1.77636e-15,-0.463689,0,2.22045e-16,2.384,423,43,1,1,0,0
63,4n0c,A,C,37.738,50.7794,-5.75907,-2.69498,-2.99669,-13.0494,-0.782369,17.3326,-17.1791,3.08185,7.05894,3.79391,0,0,0.0,0.157332,2.36345,-0.00793266,0,1.77636e-15,-0.473234,0,0.0,2.384,416,41,1,1,0,0
64,4eup,A,C,56.2384,37.835,-8.94218,-5.67764,-6.29151,-12.4276,-1.14077,18.704,-15.8017,1.04468,8.84594,4.06733,0,0,0.0125946,0.285152,2.13639,0.00872619,0,0.0,-0.584967,0,0.0136794,2.384,414,51,0,0,0,0
65,5nht,A,C,29.8941,40.1438,-8.302,-1.71563,-4.88684,-15.4833,-2.87039,20.3535,-20.7132,4.40754,9.14287,3.5766,0,0,0.0,0.174496,3.53458,0.0426883,0,0.0,-0.344948,0,0.0146756,2.384,414,48,2,2,0,0
66,4mvb,A,C,34.8415,30.8578,-1.84508,-1.7864,-2.82574,-13.3582,-0.0460059,18.9743,-16.0837,1.22628,9.50058,2.76579,0,0,0.0,0.188647,2.88698,0.00758786,0,0.0,-0.408183,0,0.0,2.384,414,44,0,0,0,0
67,5nqk,A,C,27.2082,40.4461,5.33161,-1.72069,-6.02102,-16.6686,-1.58983,22.6014,-23.3438,14.9404,11.6277,5.70485,0,0,0.0,0.438725,4.15812,-0.010314,0,-1.77636e-15,-0.627202,0,0.0,2.384,414,50,2,2,0,0
68,5wlg,A,C,34.3863,13.5657,-14.8599,-1.49016,-10.2565,-17.527,-2.33481,24.7974,-20.6794,1.74577,9.05874,2.31266,0,0,0.0,0.148498,3.83604,0.106499,0,-1.77636e-15,-0.770239,0,0.0285386,2.384,410,50,0,0,0,0
69,1bd2,A,C,51.1001,58.794,-12.6463,-4.5316,-6.27327,-17.7034,-4.47388,22.7681,-23.0048,6.76544,10.1524,3.86786,0,0,0.0,0.437152,5.5749,-0.00652903,0,0.0,-0.643737,0,-2.22045e-16,2.384,415,53,2,2,0,0
70,4g9f,A,C,19.0293,18.1044,-9.53758,-3.90178,-8.62559,-15.2452,-1.65855,23.6132,-18.8742,2.17162,10.6847,2.75382,0,0,0.0104734,0.0740231,3.15972,0.0157629,0,0.0,-0.555924,0,1.11022e-16,2.384,421,50,0,0,0,0
71,5c0c,A,C,30.8134,33.773,-7.84831,-1.36116,-3.45367,-15.0406,-1.41769,19.0656,-19.676,3.98135,5.53642,2.14063,0,0,1.80742,1.13509,3.01234,0.00172703,0,8.88178e-16,-0.56732,0,-2.77556e-17,2.384,420,44,2,2,0,0
72,3qeq,A,C,36.0766,22.0705,-10.7998,-3.44477,-4.27,-15.0176,-1.51397,19.8122,-18.9792,1.61514,8.699,2.83757,0,0,0.0,0.264238,2.64957,0.0171464,0,1.77636e-15,-0.835853,0,0.0162888,2.384,413,50,0,0,0,0
73,6avf,A,C,29.4298,23.573,-14.1826,-2.09384,-10.6906,-15.0785,-7.81581,20.763,-19.4485,8.69331,9.14896,2.55473,0,0,0.0,0.502766,3.86303,-0.00271646,0,0.0,-0.810892,0,0.0955165,2.384,421,41,4,4,0,0
74,2uwe,A,C,30.1622,12.8982,8.90863,-2.16668,-3.65989,-20.4543,-0.280449,24.2908,-27.9047,22.3196,9.98632,6.78287,0,0,0.0,0.380803,4.13373,0.0587033,0,0.0,-0.468333,0,0.0238336,2.384,412,53,5,5,0,0
75,3vxr,A,C,22.4813,29.1748,-4.07071,-4.58281,-10.1376,-18.8831,-3.7803,23.0979,-23.8896,18.891,11.911,3.50901,0,0,0.0,0.32176,4.51083,0.0199505,0,0.0,-0.54794,0,2.77556e-17,2.384,418,50,4,4,0,0
76,7jwj,A,C,10.1233,18.0953,-10.6596,-0.907607,-10.6204,-11.524,-3.49941,19.6309,-12.8811,0.595943,8.56063,0.817996,0,0,0.0,0.0736091,2.75724,0.0508731,0,0.0,-1.04576,0,0.0887618,2.384,415,41,0,0,0,0
77,2pye,A,C,31.4605,29.305,-16.2783,-4.64646,-7.76383,-15.6416,-1.07973,19.9858,-19.7181,0.592189,9.03058,3.26694,0,0,0.0112962,0.0824707,2.68258,-0.00278371,0,1.77636e-15,-0.395092,0,0.0,2.384,420,44,0,0,0,0
78,2oi9,A,C,31.6764,24.4821,-12.0904,-3.48554,-4.4011,-15.0558,-1.43337,20.1221,-18.2521,1.74867,5.74012,3.06478,0,0,0.0,0.156643,3.85033,0.0206454,0,1.77636e-15,-0.331986,0,0.0164656,2.384,411,49,0,0,0,0
79,5c0b,A,C,52.5852,35.5899,-1.83099,-2.04332,-5.56066,-15.8332,-2.06312,20.6044,-19.14,8.71967,6.07963,2.29354,0,0,1.49115,4.19908,3.34817,-0.0184394,0,0.0,-0.559765,0,0.0,2.384,420,44,3,3,0,0
80,6mtm,A,C,13.3788,38.8286,-6.96325,-1.31478,-5.92795,-14.579,-1.09038,21.3249,-19.3814,0.4291,10.2731,2.26294,0,0,0.314447,0.694337,2.98966,0.0087671,0,0.0,0.022687,0,0.0,2.384,412,46,0,0,0,0
81,2bnq,A,C,48.5635,51.9106,-13.9138,-3.51816,-9.33367,-19.6689,-0.446171,24.9501,-25.2964,3.11831,11.819,4.12273,0,0,0.0,0.591454,3.55957,0.00577017,0,1.77636e-15,-0.302182,0,0.044348,2.384,417,50,0,0,0,0
82,7n1e,A,C,44.4515,33.1422,-10.1796,-2.53923,-5.90979,-14.0144,-0.55905,19.4434,-17.38,1.58524,5.52761,2.88184,0,0,0.0,0.604771,3.81229,0.0565305,0,0.0,0.103238,0,0.0202685,2.384,417,44,0,0,0,0
83,4qok,A,C,55.3264,69.1811,-5.76331,-4.54747,-4.58818,-18.5868,-1.7864,26.512,-23.2814,2.72308,10.9096,6.41562,0,0,0.0,0.767112,4.97595,-0.0165011,0,0.0,-0.28405,0,4.85723e-17,2.384,416,50,0,0,0,0
84,4pri,A,C,32.4112,22.3204,3.79649,-5.97624,-12.2272,-18.9474,-5.31148,29.4944,-20.2351,19.2704,13.8827,3.44433,0,0,0.0,1.50607,4.35706,-0.0918247,0,-1.77636e-15,-1.01405,0,0.00182901,2.384,417,56,3,3,0,0
85,2gj6,A,C,19.9176,30.918,-10.9253,-3.80307,-6.58289,-17.1135,-2.41776,23.2675,-22.0276,4.34417,9.83505,3.03111,0,0,0.524853,0.320965,3.88723,-0.0144668,0,0.0,-0.289693,0,-1.11022e-16,2.384,416,46,2,2,0,0
86,1lp9,A,C,28.9671,40.2943,12.1899,-3.1108,-5.55918,-21.7219,-2.01335,27.3166,-29.336,30.8532,10.1423,5.53088,0,0,0.0006449,0.363074,4.09047,0.0462687,0,0.0,-0.435518,0,0.11364,2.384,412,52,5,5,0,0
87,1nam,A,C,55.3529,68.1279,-6.62057,-3.27758,-9.28845,-12.8079,-0.487814,19.4701,-14.8954,3.12038,10.0561,1.41247,0,0,0.0,0.358247,3.56635,-0.00794247,0,0.0,-0.272695,0,1.38778e-17,2.384,418,46,1,0,1,0
88,2vlr,A,C,19.5255,21.4407,-6.48951,-2.78553,-3.1946,-14.5919,-0.853491,19.0194,-18.9236,3.30471,8.09885,3.3228,0,0,0.0,0.237149,3.64979,0.00307303,0,0.0,-0.153235,0,0.0268437,2.384,412,44,1,1,0,0
89,6bj2,A,C,39.6278,43.715,-16.4616,-3.48621,-9.16596,-20.7327,-3.12552,27.5591,-26.1856,2.19053,11.317,5.1203,0,0,0.0,0.722558,4.65272,0.0174179,0,0.0,-0.692487,0,0.0,2.384,419,49,0,0,0,0
90,2vlk,A,C,23.7498,43.2501,-8.43749,-3.10491,-6.36026,-15.0481,-1.01704,20.7923,-18.3909,4.56192,7.88564,2.17423,0,0,0.0,0.290983,4.13169,-0.0100891,0,-1.77636e-15,-0.275571,0,0.0642526,2.384,412,46,0,0,0,0
91,5e9d,A,C,39.437,26.443,-1.50339,-3.01868,-0.976217,-11.8056,-0.529749,12.3575,-17.3516,10.0309,6.46485,2.76358,0,0,0.0,0.833381,2.53467,0.0151447,0,0.0,-0.29039,0,0.00354001,2.384,416,37,2,2,0,0
92,1mi5,A,C,59.0936,42.5616,6.89583,-6.91392,-15.2325,-24.0347,-1.31251,31.7946,-28.9314,27.6341,17.5149,4.90058,0,0,0.0,1.90467,6.19517,0.0279932,0,0.0,-0.50968,0,0.0537409,2.384,415,56,5,5,0,0
93,6d78,A,C,20.3154,23.0255,-10.065,-2.86597,-5.69173,-17.193,-1.36682,23.7751,-21.4412,0.308755,11.0954,2.52613,0,0,0.0,0.667159,3.01268,0.0174241,0,0.0,0.103749,0,-5.55112e-17,2.384,412,53,0,0,0,0
94,4jry,A,C,35.5604,27.1058,-17.4703,-6.19564,-8.91113,-19.7398,-9.22763,31.7653,-21.3705,0.853238,10.2802,5.05659,0,0,0.0,0.453624,5.09036,0.124938,0,8.88178e-16,-0.559535,0,0.0,2.384,420,52,0,0,0,0
95,5isz,A,C,29.0474,29.3157,-10.5686,-2.43531,-6.19549,-17.2475,-1.32979,21.4504,-22.5638,1.84675,11.4572,3.70159,0,0,0.0,0.917834,3.82088,0.0335135,0,1.77636e-15,-0.207405,0,0.00339074,2.384,415,48,0,0,0,0
96,5c09,A,C,42.252,42.0171,-3.25588,-1.54763,-4.10142,-13.4646,-2.60834,16.7733,-17.5475,7.14571,6.5745,2.47973,0,0,1.46897,1.91586,3.06671,0.00974512,0,0.0,-0.354205,0,-2.77556e-17,2.384,417,42,3,3,0,0
97,3qdg,A,C,28.9475,30.3287,-7.55866,-2.82672,-5.02952,-18.9922,-1.81344,27.4097,-24.0189,3.0281,10.9972,3.70767,0,0,0.0,0.229606,4.02167,0.068912,0,0.0,-0.341758,0,0.0226643,2.384,415,56,1,1,0,0
98,4l3e,A,C,61.4211,49.193,-12.4968,-1.95615,-5.49667,-18.7616,-2.34396,25.5,-24.4076,1.9822,9.08853,2.95884,0,0,0.208209,1.34711,4.05248,0.0723462,0,0.0,-0.705528,0,0.0174956,2.384,415,55,0,0,0,0
99,5men,A,C,45.8906,53.336,-11.4968,-3.2826,-8.50965,-20.9166,-3.26543,29.7932,-26.9749,4.6242,11.4364,4.82633,0,0,0.0,1.10933,4.60643,0.0251731,0,0.0,-0.365626,0,0.00341743,2.384,413,59,0,0,0,0
100,5yxn,A,C,28.5719,44.3964,-12.362,-4.38656,-8.65541,-18.0985,-3.22614,29.6626,-22.1642,3.1846,9.50418,2.35949,0,0,0.0,0.1571,4.03134,-0.0612804,0,1.77636e-15,-0.637793,0,-2.22045e-16,2.384,417,54,0,0,0,0
101,4prp,A,C,29.0889,20.284,-2.36906,-3.47839,-7.26214,-17.8029,-2.89322,23.8593,-21.1268,14.0084,7.73842,4.90449,0,0,0.0,0.139114,4.0887,-0.016973,0,0.0,-0.464211,0,0.0259326,2.384,416,47,4,4,0,0
102,6vrm,A,C,50.2344,58.3895,-11.9989,-4.23323,-4.82612,-13.9087,-3.76175,18.9175,-16.9756,1.44536,6.30507,5.18097,0,0,0.0,0.127843,1.82827,0.0212576,0,0.0,-0.557344,0,0.26578,2.384,416,36,0,0,0,0
103,1kj2,A,C,42.4559,92.9077,-10.8505,-1.36192,-6.4243,-14.8801,-5.81648,22.6081,-17.2374,1.92329,8.67098,1.64837,0,0,0.0,0.472697,2.69455,-0.0169262,0,0.0,-0.43679,0,4.16334e-17,2.384,417,55,0,0,0,0
104,3pqy,A,C,44.6135,69.1359,-11.8483,-5.70929,-12.2657,-13.5791,-2.5502,20.3532,-14.685,4.3503,8.20391,3.36812,0,0,0.0,0.42181,4.41016,0.0471907,0,0.0,-0.245396,0,0.4418,2.384,412,40,1,1,0,0
105,3pwp,A,C,23.7965,46.0247,-3.39956,-2.18991,-5.06776,-16.6136,-1.99449,24.4391,-20.6878,5.80289,8.7508,3.96149,0,0,0.0,0.19941,4.18057,-0.00286405,0,0.0,0.00319603,0,5.55112e-17,2.384,418,42,2,2,0,0
106,1g6r,A,C,94.3254,181.726,-3.62065,-1.04804,-1.56493,-10.9403,-0.133089,14.3381,-13.5782,0.746249,5.04256,3.37207,0,0,0.0,0.0963534,2.53797,0.0362222,0,0.0,0.0123473,0,1.11022e-16,2.384,413,51,0,0,0,0
107,3kpr,A,C,23.6887,22.3288,-8.7627,-5.28257,-11.6081,-21.1819,-1.23146,30.1337,-26.4756,5.83116,14.5543,6.18335,0,0,0.0,0.379195,5.04596,0.0248198,0,0.0,-0.286886,0,0.19731,2.384,415,52,2,2,0,0
108,5d2l,A,C,71.4538,97.1761,-8.33954,-1.98905,-4.41686,-16.5819,-0.543963,20.2521,-22.8347,4.68996,7.65136,3.81626,0,0,0.0,1.76388,2.41018,0.00116869,0,-8.88178e-16,-0.147769,0,-1.11022e-16,2.384,413,54,1,1,0,0
109,1ao7,A,C,34.4655,42.0581,-3.38764,-2.4174,-4.54014,-18.0967,-1.9635,26.1401,-22.2734,7.73228,7.17082,4.20326,0,0,0.0,1.02013,4.60474,-0.0506302,0,0.0,-0.31243,0,1.11022e-16,2.384,416,47,3,3,0,0
110,2ypl,A,C,22.2225,23.87,-5.23344,-2.09422,-7.59964,-15.8742,-0.042,19.4687,-19.7602,8.61421,9.20049,2.4163,0,0,0.0,0.363122,5.58681,0.112257,0,-1.77636e-15,-0.0382089,0,0.0,2.384,412,44,3,3,0,0
111,3gsn,A,C,50.107,70.5587,-10.3536,-1.62782,-4.9016,-15.739,-0.0255965,18.0533,-22.0648,3.79404,7.8866,2.80331,0,0,0.819723,0.670661,2.95065,-0.016302,0,0.0,-0.00613415,0,0.0,2.384,415,50,0,0,0,0
112,5nme,A,C,36.9767,39.1014,-7.8175,-4.27781,-12.5613,-20.4867,-1.96049,30.1818,-23.4622,4.48723,15.1636,4.31618,0,0,0.0,1.22341,3.72953,0.0126338,0,0.0,-0.457401,0,0.00367906,2.384,415,51,2,2,0,0
113,5nmg,A,C,33.7072,37.8673,-15.3424,-6.1493,-11.2927,-20.3017,-1.58257,29.7986,-22.5159,5.48459,8.81583,2.03161,0,0,0.0,0.832795,4.5898,0.0126455,0,0.0,-0.47631,0,-5.55112e-17,2.384,415,57,2,2,0,0
114,3dxa,A,C,48.5414,76.9306,-2.85237,-0.965883,-7.34059,-16.2871,-3.88658,24.9123,-18.6059,1.0607,11.533,2.91789,0,0,1.29566,3.29355,4.85779,-0.00560163,0,0.0,-0.77378,0,0.0,2.384,416,52,0,0,0,0
115,6rp9,A,C,15.4622,16.4116,-6.95008,-2.03373,-3.6373,-11.436,0.312891,13.3915,-14.7156,0.394152,7.70112,2.92929,0,0,0.0,0.00600681,2.25639,-0.00551372,0,0.0,0.143161,0,2.77556e-17,2.384,416,35,0,0,0,0
116,3kxf,A,C,21.8533,33.1382,-18.0538,-7.51177,-7.42379,-20.3745,-1.97881,26.0996,-25.4352,1.83705,12.4261,4.45112,0,0,0.0,0.15696,5.91725,-0.0158192,0,0.0,-0.29694,0,0.0122653,2.384,422,50,0,0,0,0
117,1fo0,A,C,37.0695,58.2687,-8.13219,-3.94939,-7.56597,-12.0607,-1.48284,19.216,-13.0464,0.66322,7.13849,1.80353,0,0,0.0,1.28224,1.94213,-0.00558879,0,0.0,-0.124762,0,1.38778e-17,2.384,416,45,0,0,0,0
118,3tjh,A,C,53.3223,34.3594,-15.2169,-4.69295,-6.91868,-15.3675,-0.247978,20.1443,-20.0932,0.931246,7.57838,2.94006,0,0,0.0,0.536348,2.88538,0.0185087,0,0.0,-0.0455101,0,0.0,2.384,417,48,0,0,0,0
119,5ivx,A,C,15.7629,20.3188,-19.9645,-5.63146,-14.879,-21.246,-5.22533,31.0314,-25.526,4.18063,11.3542,5.66319,0,0,0.231135,1.04821,4.62572,0.0346743,0,0.0,-1.01391,0,0.0139411,2.384,417,56,1,1,0,0
120,4mxq,A,C,25.6503,26.0351,-6.63261,-3.15258,-4.74,-14.1537,-1.76032,20.6987,-17.7355,3.30937,6.14143,4.27528,0,0,0.0,0.579887,2.57765,0.0212491,0,-1.77636e-15,-0.116406,0,0.0,2.384,415,40,0,0,0,0
121,6dkp,A,C,36.6195,27.1248,-8.45055,-3.46477,-8.15902,-18.7286,-0.92477,25.9634,-22.6675,3.61158,11.7069,3.43569,0,0,0.0,0.918028,3.66513,0.0339766,0,0.0,-0.181397,0,0.00597525,2.384,415,52,0,0,0,0
122,3sjv,A,C,57.6624,115.396,-6.47308,-4.41595,-10.8923,-17.3623,-2.79055,28.1144,-18.7521,4.51075,8.97048,6.00135,0,0,0.0,0.486394,3.87014,-0.00268692,0,0.0,-0.340577,0,5.55112e-17,2.384,410,53,0,0,0,0
123,4n5e,A,C,34.7572,25.7176,-11.9448,-5.29572,-8.902,-17.263,-1.07581,22.9229,-21.8339,3.45952,11.5459,4.72328,0,0,0.0,0.125984,3.5308,0.000814082,0,0.0,-0.352754,0,1.11022e-16,2.384,416,50,1,1,0,0
124,5d2n,A,C,35.0725,39.86,-7.99147,-1.87111,-7.39068,-15.5718,-3.26903,22.1138,-19.1953,2.24171,9.88721,4.33793,0,0,0.0,1.01479,4.52413,0.00172282,0,0.0,-0.290732,0,-3.33067e-16,2.384,417,48,0,0,0,0
125,5c0a,A,C,47.4097,39.388,-2.06642,-1.60693,-5.42817,-12.4171,-2.00089,16.5651,-15.6201,7.28887,6.20067,2.70653,0,0,1.37195,1.01842,2.34559,-0.00249711,0,8.88178e-16,-0.142263,0,8.32667e-17,2.384,419,38,2,2,0,0
126,3qfj,A,C,26.9533,37.5308,-4.57838,-3.29296,-6.29069,-17.9071,-3.11863,24.3847,-22.8162,6.27672,11.8659,6.02691,0,0,0.452008,0.204895,3.85066,-0.0156204,0,0.0,-0.362235,0,0.0139069,2.384,418,42,2,2,0,0
127,5wkf,A,C,29.8384,40.662,-11.2301,-5.95182,-8.74404,-18.0997,-4.44583,25.6132,-21.3708,4.62188,10.9679,4.9846,0,0,0.443697,1.67868,6.1664,0.0224455,0,-8.88178e-16,-0.950212,0,-5.55112e-17,2.384,416,49,2,2,0,0
128,3tfk,A,C,46.3093,33.6721,-8.47027,-2.1643,-2.97194,-12.5218,-1.00612,17.0504,-16.1192,0.52455,6.27545,2.58714,0,0,0.0,0.160294,2.35699,-0.0365099,0,0.0,-0.248273,0,0.0,2.384,416,42,0,0,0,0
129,6rpb,A,C,18.1669,15.2233,-14.4262,-3.65903,-9.05082,-17.7809,-2.16871,22.9751,-22.7679,3.83153,11.3322,2.82963,0,0,0.0,0.325343,3.1,0.0106073,0,1.77636e-15,-0.313304,0,0.0100957,2.384,413,41,2,2,0,0
130,6q3s,A,C,40.8598,29.5516,-11.6763,-3.28953,-7.1807,-19.9648,-0.486992,26.6502,-25.5646,1.53532,10.3518,5.93628,0,0,0.0,0.473596,4.28708,0.00291651,0,0.0,-0.172811,0,0.0330859,2.384,417,46,0,0,0,0
131,4qrp,A,C,18.3328,19.0424,-3.43776,-2.67605,-6.05078,-20.0647,-2.59403,32.7169,-23.9739,1.71961,12.2558,3.14064,0,0,0.88,1.62835,3.93557,-0.043233,0,0.0,-0.430703,0,0.054453,2.384,418,61,0,0,0,0
132,3mv7,A,C,28.936,37.493,8.74717,-7.25947,-15.437,-19.6589,-4.47499,27.3405,-21.0945,32.7879,13.1606,4.22714,0,0,0.0,0.171304,4.42937,-0.0395491,0,0.0,-1.03769,0,0.0618252,2.384,416,51,4,4,0,0
133,2ak4,A,C,21.4515,37.4921,-10.0065,-5.46462,-7.34477,-20.1129,-2.10544,28.9367,-24.0884,2.93458,11.2966,5.37313,0,0,0.0,0.571178,4.69739,0.0039577,0,0.0,-0.0251221,0,0.0186093,2.384,422,49,0,0,0,0
134,3tf7,A,C,31.5732,7240.77,13.267,-1.73021,-3.57025,-10.9046,-1.34885,16.6666,-13.78,24.4866,3.65506,0.458262,0,0,0.0,0.275721,10.2189,-0.0250781,0,-1.77636e-15,-0.916213,0,0.0,2.384,529,44,6,4,2,0
135,7n6e,A,C,28.289,34.7187,-8.76333,-2.6041,-7.49921,-18.4859,-0.211958,26.1743,-22.1222,1.5541,12.1592,2.06751,0,0,0.0,0.40098,4.47484,0.0309771,0,1.77636e-15,-0.226992,0,-9.71445e-17,2.384,411,54,0,0,0,0
136,3d39,A,C,31.4475,31.6714,-9.17375,-3.12401,-6.09183,-15.8778,-2.66883,22.469,-20.5789,2.70488,10.1837,3.06731,0,0,0.318093,0.74563,3.27629,-0.00801924,0,0.0,-0.312983,0,1.11022e-16,2.384,417,41,0,0,0,0
137,2bnr,A,C,39.212,46.0756,-12.2285,-3.78808,-10.484,-19.7381,-0.816423,26.2556,-24.8464,2.78271,13.6149,4.73813,0,0,0.0,0.292346,3.23453,0.00554546,0,-1.77636e-15,-0.284525,0,0.0398199,2.384,417,48,0,0,0,0
138,3e2h,A,C,68.9385,86.2406,-8.04728,-2.94413,-7.00116,-16.3852,-1.97292,21.9183,-20.0415,5.29947,8.91827,3.76739,0,0,0.0,0.533133,4.25336,-0.0309771,0,0.0,-0.107995,0,1.11022e-16,2.384,409,50,0,0,0,0
139,6amu,A,C,16.239,20.1535,-7.86278,-3.87101,-9.43239,-18.5916,-0.51519,24.1031,-22.6691,9.78248,9.75319,3.21505,0,0,0.0,0.393207,3.85052,0.00239727,0,-1.77636e-15,-0.0509372,0,0.0180449,2.384,414,46,3,3,0,0
140,3h9s,A,C,27.9334,36.4537,-3.3605,-1.7915,-7.95317,-16.7521,-2.10379,21.1897,-22.036,11.7078,9.81277,3.65819,0,0,0.0,1.29981,3.97349,-0.0302379,0,-1.77636e-15,-0.379918,0,0.0179285,2.384,418,45,4,4,0,0
141,4g8g,A,C,35.5061,65.6367,-6.53753,-3.21634,-4.74816,-15.3699,-1.45239,22.2967,-19.6119,2.82166,9.73798,3.22538,0,0,0.0,0.544406,5.11321,0.0387544,0,0.0,-0.803721,0,5.55112e-17,2.384,419,48,0,0,0,0
142,6tro,A,C,41.6318,24.0253,-10.3766,-5.28881,-8.12768,-17.8342,-4.20327,24.3219,-21.7356,6.79372,9.64357,5.92745,0,0,0.0,0.811746,4.64991,-0.0111128,0,1.77636e-15,-0.708501,0,0.0342183,2.384,419,51,2,2,0,0
143,2jcc,A,C,22.3098,24.1997,-12.8056,-2.98879,-3.8141,-21.1719,0.25774,22.6809,-29.8236,6.61458,10.1203,5.30695,0,0,0.0,0.332617,4.30073,0.0228942,0,0.0,-0.352006,0,0.00878812,2.384,410,51,3,3,0,0
144,5yxu,A,C,52.3807,73.5299,-2.07189,-3.67871,-5.97247,-16.0226,-3.5125,30.026,-18.4745,3.50701,8.30373,3.4103,0,0,0.0754602,0.774515,3.73657,-0.0793816,0,0.0,-0.428661,0,-3.33067e-16,2.384,418,51,0,0,0,0
145,6vmx,A,C,13.1034,8.7908,-7.75897,-1.45458,-7.40514,-17.6396,-3.39057,27.6025,-20.329,1.8117,10.3017,2.34214,0,0,0.0,0.689699,3.97285,0.000109025,0,0.0,-0.288021,0,-2.22045e-16,2.384,419,45,0,0,0,0
146,5m01,A,C,14.7108,20.642,-17.291,-3.86662,-12.5203,-13.1902,-5.77524,22.7575,-14.7443,0.543383,8.9847,1.69427,0,0,0.0,0.0786034,2.12247,0.0181392,0,0.0,-1.30147,0,0.0305465,2.384,414,46,0,0,0,0
147,1qsf,A,C,76.2206,88.9067,-7.44683,-3.06609,-8.8168,-15.9163,-3.39302,24.4254,-19.6763,2.93214,11.4139,4.17898,0,0,0.252408,0.691916,3.52579,0.0252462,0,0.0,-0.498377,0,-1.11022e-16,2.384,416,43,0,0,0,0
148,3kps,A,C,25.6663,27.3424,-11.079,-4.54159,-10.3235,-21.391,-1.58574,29.426,-26.3698,3.17448,15.0502,4.79567,0,0,0.0,0.968303,4.30996,0.0493383,0,1.77636e-15,-0.357577,0,0.0262365,2.384,415,53,0,0,0,0
149,3vxs,A,C,20.5392,16.2828,-15.7496,-2.96514,-12.6545,-18.3155,-0.96109,23.5991,-22.9856,1.59624,12.743,4.13128,0,0,0.220063,0.22985,4.08892,-0.00842025,0,0.0,-0.378897,0,8.32667e-17,2.384,418,51,0,0,0,0
150,2ckb,A,C,121.61,167.869,-3.81833,-1.10385,-7.09753,-13.2473,-0.287538,19.2732,-15.4723,1.58397,8.58526,3.59007,0,0,0.0,0.432518,2.35864,0.0,0,0.0,-0.104162,0,0.0293888,2.384,413,49,0,0,0,0
151,3e3q,A,C,55.4421,51.7442,-12.4787,-3.17599,-3.5121,-17.5394,-2.04071,21.1176,-23.6503,5.11665,7.36894,3.72215,0,0,0.0,0.359826,3.30691,0.031883,0,1.77636e-15,-0.277195,0,1.11022e-16,2.384,410,49,1,1,0,0
152,4jrx,A,C,25.4981,11.8422,-15.1429,-5.31774,-5.80398,-17.5153,-1.05575,24.1326,-21.302,2.45817,6.99865,2.37664,0,0,0.0,0.10602,4.17754,0.0276277,0,0.0,-0.250628,0,0.00279182,2.384,419,47,1,1,0,0
