,PDB_ID,Energy_vdw,Energy_solvP,Energy_solvH,Energy_torsion,Kn_electrostatic,Energy_ionisation
0,1a1m_AC,-216.638,306.037,-273.874,16.3429,-0.404634,0.300251
3,1a1n_AC,-213.482,299.995,-269.355,10.7328,-0.0564328,0.298449
4,1a1o_AC,-212.644,300.396,-268.299,9.6918,-0.278361,0.288657
7,1a9b_AC,-221.101,319.74,-275.634,6.89242,-0.386306,0.321532
8,1a9e_AC,-214.269,302.825,-270.331,6.17634,-0.280662,0.299506
11,1agb_AC,-207.29,310.503,-255.766,6.30449,-1.17671,0.636748
12,1agc_AC,-220.292,325.729,-273.12,8.08605,-0.907659,0.648161
15,1agd_AC,-214.764,318.585,-267.089,8.18452,-0.926881,0.663409
16,1age_AC,-215.033,320.643,-266.816,8.84194,-1.03722,0.697169
19,1agf_AC,-218.824,322.738,-270.905,8.36404,-1.18005,0.313017
20,1akj_AC,-219.766,316.608,-278.502,6.45615,-0.400566,0.879045
23,1ao7_AC,-214.518,311.65,-271.91,11.7254,-0.114886,0.927304
24,1b0g_AC,-231.641,330.785,-293.144,6.1973,-0.16055,0.957828
27,1bd2_AC,-221.749,314.599,-282.397,11.9199,-0.114038,0.928584
28,1bii_AP,-218.129,324.247,-272.232,12.2917,-0.733962,0.166365
31,1bqh_AC,-218.355,320.481,-274.974,27.4666,-0.0506478,0.236613
32,1bz9_AC,-219.12,313.497,-279.825,10.4699,-0.378814,0.619302
35,1ce6_AC,-227.973,324.601,-288.92,13.0414,-0.470133,0.729564
36,1cg9_AC,-219.145,309.34,-275.662,4.9753,-0.313535,0.310076
39,1ddh_AP,-220.151,331.737,-275.066,24.1732,-0.77269,0.181928
40,1duy_AC,-215.18,309.669,-271.32,11.8268,0.000828435,0.707015
43,1duz_AC,-213.709,304.158,-269.323,12.4207,-0.111539,0.648564
44,1e27_AC,-220.12,313.98,-278.479,8.59626,-0.241318,0.439463
47,1e28_AC,-210.744,307.286,-264.61,22.4356,-0.0977218,0.407143
48,1eey_AC,-221.615,317.172,-278.027,11.4963,-0.130834,0.731952
51,1eez_AC,-220.918,315.714,-279.169,12.2571,-0.16019,0.714828
52,1efx_AC,-216.658,319.401,-274.682,27.1289,-0.518771,0.306958
55,1ffn_AC,-222.535,319.975,-282.014,18.2508,-0.630784,0.298935
56,1ffo_AC,-219.823,317.738,-278.448,15.6798,-0.428673,0.275198
59,1ffp_AC,-223.717,324.793,-281.442,12.3211,-0.510955,0.388692
60,1fg2_AC,-218.987,315.745,-276.16,16.7554,-0.563392,0.434013
63,1fo0_HP,-216.604,310.426,-275.014,17.4612,-0.126188,0.248555
64,1g6r_HP,-218.388,319.221,-277.651,27.3715,0.16181,0.210249
67,1g7p_AP,-211.05,309.799,-263.225,7.13777,-0.755635,0.280891
68,1g7q_AP,-210.465,307.316,-263.651,4.90663,-0.210536,0.251984
71,1hhg_AC,-224.757,329.247,-281.547,10.5538,-0.198351,0.943803
72,1hhh_AC,-221.832,315.715,-282.007,6.26156,-0.381258,1.25471
75,1hhi_AC,-227.784,326.01,-289.147,9.62754,-0.116657,0.786984
76,1hhj_AC,-226.738,329.801,-285.7,9.0498,-0.433956,1.19896
79,1hhk_AC,-219.475,317.054,-275.669,5.67413,-0.117203,0.745823
80,1hoc_AC,-213.96,318.517,-270.221,19.9748,-0.572242,0.347032
83,1hsa_AC,-213.926,315.894,-264.219,6.43087,-0.638417,0.450222
84,1i1f_AC,-221.996,316.552,-279.765,12.8705,-0.274976,0.800378
87,1i1y_AC,-214.04,309.4,-268.254,9.11473,-0.397534,0.925864
89,1i4f_AC,-219.36,316.701,-275.206,4.93577,-0.382014,0.842459
90,1i7r_AC,-205.876,297.669,-259.48,7.47652,-0.0847175,0.873374
93,1i7t_AC,-226.685,324.136,-287.4,17.5804,-0.154515,0.939266
94,1i7u_AC,-215.477,306.267,-272.617,8.79406,-0.10379,0.686394
97,1im3_AC,-223.238,317.603,-281.604,6.33298,-0.0934556,0.743038
98,1im9_AC,-215.788,319.278,-267.284,20.7339,-1.04582,0.17529
101,1inq_AC,-215.999,309.912,-273.093,11.4499,-0.383281,0.3725
102,1jf1_AC,-225.321,320.245,-283.23,5.4649,0.0153073,0.943055
105,1jgd_AC,-234.372,338.777,-290.201,9.81901,-1.66478,1.13462
107,1jge_AC,-209.095,306.849,-260.165,8.74139,-1.06364,0.435274
108,1jht_AC,-224.543,325.578,-281.506,11.637,-0.121706,0.937438
110,1jpf_AC,-220.397,321.412,-276.417,10.9213,-0.450939,0.671573
113,1jpg_AC,-215.684,308.758,-272.029,14.1895,-0.420582,0.513633
115,1juf_AC,-217.066,307.928,-273.816,7.30429,-0.449154,0.381878
116,1k5n_AC,-217.611,319.585,-271.375,4.67552,-0.91089,0.614628
119,1kj2_HP,-214.684,309.651,-273.275,16.4715,0.0138757,0.214518
121,1kj3_HP,-217.598,313.797,-277.323,9.49874,-0.113893,0.480813
122,1kpr_AP,-221.66,324.635,-275.952,41.7196,-0.586229,0.671345
124,1kpu_AP,-208.861,298.056,-264.869,4.03851,-0.0525461,0.234727
127,1kpv_AP,-208.154,298.318,-265.046,5.40564,-0.0522794,0.257032
129,1ktl_AP,-219.141,320.425,-274.036,35.0041,-0.602743,0.659009
131,1lk2_AP,-211.119,301.768,-267.09,5.58622,-0.0261917,0.245559
132,1lp9_AC,-219.39,310.292,-277.433,6.95881,-0.0861153,0.734122
134,1m05_AE,-207.584,305.784,-256.414,7.24272,-1.26057,0.385653
136,1m6o_AC,-223.206,325.662,-277.254,7.76892,-0.43616,0.204959
138,1mhe_AP,-213.597,318.586,-264.354,19.9641,-0.694996,0.913273
140,1mi5_AC,-206.498,312.007,-254.737,11.9657,-1.08261,0.71778
143,1mwa_HP,-218.278,319.138,-273.583,17.3125,-0.19418,0.239716
145,1n2r_AC,-218.088,315.337,-270.982,5.4481,-0.33058,0.205401
146,1n3n_AI,-219.195,322.691,-275.941,28.2278,-0.447983,0.541927
149,1n5a_AC,-217.034,308.053,-275.334,31.306,-0.669803,0.446248
151,1nam_HP,-207.25,304.711,-259.346,18.2642,-0.12222,0.241093
153,1nan_HM,-210.265,303.895,-265.583,18.1701,-0.123869,0.253921
155,1of2_AC,-219.098,323.244,-271.269,3.01746,-1.32294,0.835467
157,1oga_AC,-220.134,311.115,-278.257,5.47233,-0.0703141,0.722027
158,1ogt_AC,-220.133,321.783,-273.096,3.80364,-1.52692,0.711766
161,1osz_AC,-217.424,311.952,-274.962,23.1063,-0.114368,0.246532
163,1p1z_AP,-193.368,298.206,-245.604,47.9773,-0.184716,0.549278
164,1p4l_AP,-213.474,316.449,-271.313,19.1511,-0.0162598,0.239705
166,1p7q_AC,-226.378,329.002,-285.521,27.3992,-0.0655233,1.04759
169,1q94_AC,-215.81,317.15,-268.76,18.3445,-0.391352,0.4314
170,1qew_AC,-223.539,321.013,-281.411,7.58574,-0.071728,0.736479
172,1qlf_AC,-223.71,320.209,-283.154,13.9685,-0.483228,0.341609
175,1qo3_AP,-216.667,315.968,-271.708,7.68005,-0.894939,0.179956
177,1qqd_AC,-210.755,311.193,-261.174,18.4994,-1.11255,0.175883
178,1qrn_AC,-221.632,315.887,-280.769,16.1018,-0.116044,0.742065
181,1qse_AC,-220.922,316.647,-279.772,17.6483,-0.0836855,0.734877
182,1qsf_AC,-220.617,317.431,-279.649,20.4281,-0.125355,0.746881
184,1qvo_AC,-222.392,328.7,-275.491,14.6418,-0.466147,0.410542
187,1rjy_AP,-209.68,302.655,-266.239,5.57504,-0.075195,0.221617
188,1rjz_AP,-214.84,312.063,-272.702,13.939,-0.00490972,0.247311
191,1rk0_AP,-212.518,306.787,-267.67,11.3706,-0.28419,0.228138
192,1rk1_AP,-214.092,312.899,-269.223,6.60307,-0.0223563,0.241393
195,1s7r_AC,-216.682,311.315,-276.231,12.8791,0.00641869,0.241157
196,1s7u_AC,-212.661,305.13,-269.77,4.11691,-0.506078,0.443235
199,1s7v_AC,-218.856,311.545,-277.92,11.6811,-0.643007,0.964628
201,1s7w_AC,-215.131,303.858,-272.502,3.65099,-0.538406,0.447096
202,1s7x_AC,-213.153,302.912,-269.237,3.9921,-0.458193,0.421427
205,1s8d_AC,-212.593,301.064,-268.321,8.4356,-0.203391,0.702947
207,1s9w_AC,-221.511,316.715,-277.309,10.567,-0.170529,0.926502
209,1s9x_AC,-222.03,317.146,-278.214,12.7363,-0.186468,0.924943
211,1s9y_AC,-223.838,319.53,-279.648,8.26867,-0.153082,0.939825
212,1sys_AC,-219.761,327.23,-272.148,8.75269,-0.661756,0.197188
215,1syv_AC,-221.243,321.9,-275.305,7.92376,-0.52878,0.202477
216,1t0m_AP,-212.846,309.236,-270.336,6.24282,-0.134359,0.254126
218,1t0n_AP,-212.626,304.832,-270.3,6.06845,-0.11677,0.213618
221,1t1w_AC,-220.177,312.314,-277.113,8.27694,-0.158626,0.712918
222,1t1x_AC,-219.231,311.987,-276.205,7.11253,-0.16799,0.696489
225,1t1y_AC,-217.807,308.712,-274.934,5.33777,-0.157457,0.712802
226,1t1z_AC,-228.201,321.29,-288.057,7.37703,-0.135082,0.758625
229,1t20_AC,-213.198,302.359,-268.328,6.20878,-0.153027,0.672353
230,1t21_AC,-220.319,314.129,-276.833,7.21129,-0.149184,0.741262
233,1t22_AC,-222.177,314.86,-280.679,11.3772,-0.139356,0.915168
234,1tmc_AC,-213.453,315.642,-264.904,7.48733,-0.421843,0.327122
237,1tvb_AC,-221.216,317.38,-277.063,7.25991,-0.21689,0.712563
238,1tvh_AC,-217.264,309.902,-273.511,7.76277,-0.197155,0.703491
241,1uxs_AC,-220.311,324.876,-272.249,4.58943,-1.69001,0.479083
243,1uxw_AC,-220.817,318.519,-273.846,4.16968,-1.10359,0.616152
245,1vac_AP,-212.288,311.5,-268.422,4.61305,-0.0335571,0.245568
246,1vad_AP,-213.253,315.175,-264.042,4.93585,-0.785563,0.288183
249,1vgk_AC,-224.759,318.502,-282.754,10.3376,-0.465975,0.179496
250,1w0v_AC,-221.535,325.53,-275.994,6.06753,-1.17925,0.505116
253,1w0w_AC,-217.627,316.99,-271.807,5.18184,-1.1634,0.627958
254,1w72_AC,-215.306,318.217,-266.254,6.09328,-0.868644,0.891335
257,1wbx_AC,-223.094,323.567,-279.958,6.4282,-0.625595,0.388561
258,1wby_AC,-220.955,322.129,-277.001,5.13843,-0.335535,0.376814
261,1wbz_AP,-213.462,310.661,-267.746,6.24866,-0.42551,0.260486
262,1x7q_AC,-213.279,309.387,-265.103,6.27444,-0.657415,0.224212
265,1xr8_AC,-217.064,316.089,-267.893,9.23351,-0.211797,0.319583
266,1xr9_AC,-220.752,311.856,-276.674,3.70009,-0.231291,0.32011
269,1ydp_AP,-225.226,323.177,-281.321,12.5005,-1.20274,1.8354
270,1yn6_AC,-223.361,325.521,-279.928,11.2271,-0.365732,0.40697
273,1yn7_AC,-222.941,326.193,-279.918,14.8062,-0.44327,0.500125
274,1zhb_AC,-213.138,303.929,-270.131,5.75395,-0.531629,0.423059
277,1zhk_AC,-219.936,307.805,-279.897,7.46256,-0.176067,0.292124
279,1zhl_AC,-224.785,320.035,-280.973,6.55039,-0.445795,0.30306
280,1zsd_AC,-220.095,312.133,-276.774,7.0542,-0.232573,0.292725
283,1zt1_AP,-207.857,295.874,-262.042,3.21015,-0.334991,0.459872
284,1zt7_AP,-214.78,309.067,-274.032,13.9825,-0.562092,0.356814
287,2a83_AC,-220.583,321.57,-273.298,4.63808,-1.44558,0.558958
288,2ak4_AC,-211.212,299.62,-266.067,4.95179,-0.479823,0.31715
291,2av1_AC,-216.278,302.226,-273.734,6.85308,-0.00679762,0.72559
292,2av7_AC,-214.445,300.909,-271.602,6.17328,-0.155201,0.705055
295,2axf_AC,-219.552,313.462,-272.977,7.31254,-0.500608,0.288053
296,2axg_AC,-218.296,313.483,-272.653,9.30126,-0.277007,0.290788
299,2bck_AC,-208.897,307.89,-262.878,14.0131,-0.237198,1.21242
300,2bnq_AC,-220.907,314.798,-278.607,12.8464,-0.15573,0.722435
303,2bnr_AC,-220.23,316.038,-276.385,10.6145,-0.132005,0.727391
305,2bsr_AC,-219.577,321.622,-274.029,14.3428,-0.577844,0.419059
306,2bss_AC,-223.216,322.17,-280.648,12.232,-0.853041,0.501601
309,2bst_AC,-219.302,321.867,-271.792,9.545,-1.39483,0.445935
310,2bvo_AC,-221.885,306.109,-283.423,11.2345,-0.657536,0.328654
312,2bvp_AC,-233.352,323.075,-296.018,7.74223,-0.681855,0.356815
315,2c7u_AC,-204.851,301.79,-257.883,5.2159,-0.189031,0.945425
316,2cik_AC,-217.0,304.466,-274.287,3.77017,-0.186365,0.378349
319,2ckb_HP,-215.565,321.476,-272.478,32.0532,-0.0384141,0.469261
321,2clr_AC,-226.502,323.403,-286.303,8.22236,-0.183794,0.70837
322,2clv_AC,-213.287,308.333,-268.8,4.99548,0.0240595,0.215202
324,2clz_AC,-210.15,300.262,-266.782,4.74993,-0.215589,0.424207
327,2d31_AC,-221.079,326.117,-273.473,13.1332,-0.835233,0.567399
328,2dyp_AC,-222.616,322.056,-278.564,10.8115,-1.10799,1.21453
331,2e7l_EQ,-214.301,300.673,-269.511,9.41121,-0.523814,0.240962
332,2esv_AP,-214.454,315.083,-267.581,4.70336,-0.616109,1.57258
335,2f53_AC,-217.907,311.256,-274.415,6.0891,-0.134104,0.709797
337,2f54_AC,-218.533,313.25,-275.533,13.0867,-0.110485,0.948194
339,2f74_AC,-215.348,315.369,-272.787,16.9934,-0.544433,0.410605
340,2fo4_AP,-210.371,305.657,-264.656,9.20802,-0.144032,0.233734
343,2fwo_AP,-228.75,331.578,-286.393,15.8727,-0.984594,0.180071
345,2fz3_AC,-216.197,308.283,-269.571,4.03029,-0.89973,0.416408
347,2git_AC,-217.217,306.247,-274.369,4.777,-0.0778624,0.704047
348,2gj6_AC,-218.819,313.37,-277.139,8.81335,-0.0724072,0.745434
350,2gt9_AC,-217.817,309.117,-274.744,5.0741,0.011752,0.732269
353,2gtw_AC,-216.059,304.051,-273.759,5.99242,-0.048881,0.749132
354,2gtz_AC,-216.126,306.605,-272.494,4.95044,-0.13469,0.719664
357,2guo_AC,-216.787,308.845,-272.146,6.14745,-0.129839,0.718942
358,2h6p_AC,-214.408,302.568,-271.216,2.06271,-0.228362,0.381255
361,2hjk_AC,-220.096,307.469,-281.487,9.38278,-0.69141,0.33091
362,2hjl_AC,-218.184,304.062,-279.187,10.1382,-0.702132,0.331287
365,2hn7_AC,-217.104,312.937,-270.237,6.97799,-0.394983,0.230297
366,2j8u_AC,-208.821,296.023,-265.164,3.84391,-0.167477,0.774195
368,2jcc_AC,-210.092,301.701,-265.272,4.74468,-0.0915466,0.714953
371,2mha_AE,-197.897,303.146,-248.2,35.869,-0.367564,0.203445
372,2nx5_AC,-214.017,312.301,-267.121,7.99083,-0.254134,0.276526
375,2oi9_AQ,-212.508,298.909,-267.459,8.36725,-0.555484,0.210362
377,2ol3_HP,-211.507,310.491,-265.442,10.3075,0.0336699,0.227784
378,2p5e_AC,-225.647,321.22,-284.278,6.77209,-0.142029,0.749781
381,2p5w_AC,-215.556,308.38,-271.179,8.8074,-0.101958,1.1107
382,2pye_AC,-209.254,302.11,-262.27,3.66623,-0.117215,0.706981
385,2rfx_AC,-209.968,301.538,-264.973,9.85385,-0.644,0.317809
386,2uwe_AC,-216.302,306.446,-274.351,2.38277,-0.0879183,0.731527
389,2v2w_AC,-212.208,305.391,-266.453,3.416,-0.124656,0.693509
390,2v2x_AC,-219.679,312.696,-276.21,4.83324,-0.138031,1.16397
393,2vaa_AP,-212.761,308.459,-267.675,4.96631,-0.00935398,0.237584
394,2vab_AP,-202.982,298.848,-255.912,4.04038,-0.0654769,0.24777
397,2vlj_AC,-209.583,301.039,-264.876,10.9861,-0.0759741,0.872134
398,2vlk_AC,-208.35,293.548,-263.546,9.2163,-0.0219154,0.711551
401,2vll_AC,-225.185,316.621,-285.99,5.11779,-0.0772943,0.743286
402,2vlr_AC,-189.386,278.745,-238.157,6.55957,-0.0348157,0.614527
405,2x4o_AC,-218.257,315.243,-275.908,11.3473,-0.364582,0.699658
406,2x4r_AC,-218.862,314.861,-277.135,10.1088,-0.123211,0.906642
409,2x4s_AC,-221.794,320.163,-280.282,15.3744,-0.372508,0.721069
410,2x4u_AC,-219.969,313.56,-277.728,9.69636,-0.385494,0.785177
413,2xpg_AC,-219.754,325.992,-276.368,12.9573,-0.554549,0.219399
414,2ypk_AC,-216.207,302.731,-274.67,10.3665,-0.645751,0.329854
417,2ypl_AC,-218.998,304.72,-279.235,6.76111,-0.658799,0.32245
418,3am8_AE,-215.458,313.693,-269.094,9.89208,-0.61785,1.25054
421,3bo8_AC,-213.242,314.704,-260.989,4.50781,-0.785281,0.826416
422,3bp4_AC,-218.407,319.093,-272.022,8.1042,-0.676192,0.450748
425,3bp7_AC,-216.898,314.936,-269.866,5.98767,-0.671856,0.613572
426,3buy_AC,-217.457,313.931,-275.537,5.8019,-0.576677,0.338143
429,3bvn_AC,-216.226,321.7,-265.661,18.1643,-1.25562,0.342446
430,3bw9_AC,-226.208,322.709,-280.067,7.26075,-0.51699,0.315487
433,3bwa_AC,-215.02,307.708,-267.807,5.80351,-0.488067,0.316926
434,3bxn_AC,-217.788,313.653,-270.758,4.54142,-0.428358,0.352901
437,3bze_AP,-217.103,314.64,-272.765,15.9593,-0.631929,0.875032
438,3bzf_AP,-223.125,324.98,-277.677,14.1927,-0.676251,1.35339
441,3c8k_AP,-206.99,301.892,-261.751,12.0189,0.0873488,0.231666
442,3c9n_AC,-221.268,320.695,-273.93,4.6587,-0.31067,0.306449
445,3cc5_AC,-218.848,309.673,-278.278,13.7974,-0.881185,0.331194
446,3cch_AC,-215.385,310.251,-270.877,16.5627,-0.485084,0.384823
449,3cdg_AP,-215.691,312.301,-271.169,23.8212,-0.601702,0.879986
450,3ch1_AC,-212.107,303.729,-267.744,6.12345,-0.574511,0.539955
453,3cii_AC,-205.121,306.078,-257.469,6.57347,-0.719296,0.86149
454,3cpl_AE,-217.709,314.514,-272.622,21.2492,-0.551493,0.485235
457,3cvh_AC,-205.184,295.06,-261.18,5.01377,0.155221,0.21838
458,3czf_AC,-223.987,323.67,-278.439,3.58819,-1.44597,0.755632
461,3d18_AC,-219.445,318.803,-272.615,4.09704,-1.32405,0.60469
462,3d25_AC,-217.326,313.537,-273.234,14.0074,-0.524623,0.822116
465,3dmm_AP,-222.368,327.609,-276.199,13.8938,-0.915492,0.166902
466,3dx6_AC,-219.385,324.81,-270.508,4.84061,-0.423673,0.210782
469,3dx7_AC,-220.768,323.931,-274.603,5.76104,-0.501601,0.205138
470,3dx8_AC,-221.052,322.309,-273.875,6.69866,-0.362397,0.211873
473,3dxa_AC,-212.252,313.737,-265.415,20.2385,-0.493118,0.200513
474,3e2h_AQ,-214.845,313.547,-271.393,22.4032,-0.638253,0.194916
477,3e3q_AQ,-215.809,303.005,-272.897,20.2898,-0.558497,0.202624
478,3e6f_AP,-216.967,313.345,-271.56,16.3138,-0.628565,0.164756
481,3e6h_AP,-219.94,319.065,-276.878,10.7657,-0.477589,0.158254
482,3ecb_AP,-218.741,318.209,-274.011,9.071,-0.695598,0.18206
485,3ery_AP,-206.947,295.182,-260.292,12.9116,-0.471556,0.217069
486,3ffc_AC,-215.781,321.616,-264.745,9.17555,-1.10352,0.802967
489,3fqt_AC,-213.301,300.559,-268.322,5.43867,-0.0600206,0.744576
490,3fqw_AC,-217.699,305.106,-273.938,5.84321,-0.258605,0.734332
493,3ft3_AP,-219.008,311.705,-275.911,6.93722,-0.60399,1.06843
494,3ft4_AP,-218.119,314.114,-273.066,6.11203,-0.739187,0.722729
497,3ftg_AC,-206.532,301.811,-260.623,11.6203,-0.646131,0.548466
498,3giv_AC,-213.921,305.536,-269.571,5.27644,-0.158799,0.930756
501,3gjf_AC,-220.994,315.341,-278.416,5.97683,-0.170301,0.935812
502,3gsn_HP,-215.167,316.651,-270.756,21.136,-0.142938,0.922326
505,3gso_AP,-214.274,304.346,-269.613,3.15908,-0.169754,0.910462
506,3gsq_AP,-214.999,308.047,-269.868,2.51483,-0.140298,0.715879
509,3gsr_AP,-216.103,309.212,-271.766,2.60298,-0.156241,0.94033
510,3gsu_AP,-212.655,302.962,-267.081,2.27736,-0.158288,0.700526
513,3gsv_AP,-211.228,301.086,-265.197,2.35229,-0.163546,0.685854
514,3gsw_AP,-217.826,311.828,-273.353,2.24863,-0.165801,0.693207
517,3gsx_AP,-213.979,306.431,-268.921,2.79744,-0.152048,0.895459
518,3h7b_AC,-219.646,308.809,-278.563,7.61775,-0.154117,0.718796
521,3h9h_AC,-220.627,313.866,-278.031,6.20229,-0.150499,0.726999
522,3h9s_AC,-216.85,310.763,-274.11,12.6958,-0.17002,0.730152
525,3hae_AC,-216.986,311.597,-271.952,22.7235,-0.145116,0.905303
526,3hg1_AC,-227.095,335.778,-286.67,24.4339,-0.00553883,0.751886
529,3hpj_AC,-218.002,309.234,-274.922,4.91074,-0.439093,0.923053
530,3i6g_AC,-223.352,319.046,-279.467,10.1118,-0.0477482,0.731818
533,3i6k_AC,-217.455,312.479,-274.319,12.6804,-0.143017,0.943829
534,3i6l_DF,-215.368,314.577,-270.568,5.62877,-0.22151,0.507551
537,3ixa_AC,-217.737,309.53,-274.874,3.30771,-0.0992188,0.725107
538,3kla_AC,-219.503,312.814,-276.745,3.85758,-0.170995,0.923796
541,3kpl_AC,-221.869,327.251,-274.555,6.24537,-0.264413,0.208193
542,3kpm_AC,-219.174,319.622,-272.034,2.54495,-0.337826,0.199959
545,3kpn_AC,-221.321,323.686,-273.893,3.15178,-0.347895,0.209811
546,3kpo_AC,-219.616,321.986,-273.408,5.93586,-0.393702,0.192293
549,3kpp_AC,-224.468,328.205,-277.13,5.088,-0.422683,0.201598
550,3kpq_AC,-224.877,328.324,-279.716,5.90592,-0.455354,0.205357
553,3kpr_AC,-215.524,320.45,-267.628,3.26306,-0.638855,0.187995
554,3kps_AC,-217.119,322.252,-268.938,6.82198,-0.347404,0.181355
557,3kww_AC,-218.296,308.954,-274.744,3.79947,-0.539035,0.296679
558,3kxf_AQ,-210.415,302.823,-264.825,5.74909,-0.474158,0.606769
560,3kyn_AP,-212.876,308.174,-265.722,10.7967,-0.760557,0.880013
563,3kyo_AP,-216.17,305.858,-271.816,13.0611,-0.692886,0.918039
564,3l3d_AC,-219.392,322.275,-271.059,4.56486,-0.362519,0.196041
567,3l3g_AC,-218.346,321.221,-269.852,4.29932,-0.246641,0.196993
568,3l3h_AC,-213.827,313.366,-269.727,4.78725,-0.421097,0.351349
571,3l3i_AC,-214.058,317.524,-263.686,3.0475,-0.438617,0.19993
572,3l3j_AC,-215.513,323.398,-264.543,6.36839,-0.310777,0.204165
575,3l3k_AC,-211.481,316.364,-261.11,3.21991,-0.311071,0.198642
576,3lkn_AC,-212.664,301.986,-267.36,6.3071,-0.179648,0.299476
579,3lko_AC,-214.666,303.212,-270.716,5.14915,-0.282997,0.303367
580,3lkp_AC,-215.82,306.474,-271.0,5.4664,-0.329445,0.309081
583,3lkq_AC,-217.797,310.088,-272.716,5.79407,-0.326244,0.303304
584,3lkr_AC,-216.41,306.631,-272.51,8.01553,-0.228064,0.301714
587,3lks_AC,-214.905,305.126,-270.859,9.12057,-0.224,0.300392
588,3ln5_AC,-223.134,332.618,-276.321,10.0752,-0.0830309,0.564108
591,3lv3_AC,-217.273,320.019,-268.009,5.05978,-1.49904,0.485166
592,3mgo_AC,-223.015,319.898,-278.739,10.6893,-0.419615,0.908061
595,3mgt_AC,-221.904,317.212,-278.405,14.069,-0.368539,0.701218
596,3mr9_AP,-214.086,306.52,-268.443,2.65067,-0.152934,0.697811
599,3mrb_AP,-220.62,313.341,-277.715,4.64048,-0.144345,1.05067
600,3mrc_AP,-217.865,307.823,-274.912,5.3437,-0.169787,0.730174
603,3mrd_AP,-219.297,310.635,-276.273,5.63302,-0.150948,0.738439
604,3mre_AP,-220.053,316.12,-276.673,4.03903,-0.129029,0.892294
607,3mrf_AP,-219.236,315.103,-275.705,10.4779,-0.159883,0.710866
608,3mrg_AP,-221.108,315.2,-276.261,4.09834,-0.182351,0.712568
611,3mrh_AP,-210.239,304.354,-263.397,16.3431,-0.215974,0.847552
612,3mri_AP,-216.44,310.611,-272.531,5.74292,-0.223739,1.09564
615,3mrj_AP,-218.748,310.084,-275.057,2.88306,-0.170481,0.686186
616,3mrk_AP,-220.535,313.752,-278.515,4.89922,-0.301652,0.941817
619,3mrl_AP,-211.008,306.205,-262.56,11.4068,-0.161487,0.647586
620,3mrm_AP,-218.968,308.532,-276.641,8.89541,-0.195906,0.718542
623,3mrn_AP,-221.604,317.932,-279.261,14.8022,-0.0968319,0.743044
624,3mro_AP,-216.095,308.238,-272.218,4.08248,-0.0502065,0.720393
627,3mrp_AP,-215.536,308.358,-270.603,3.6302,-0.0570667,0.726735
628,3mrq_AP,-219.485,315.111,-275.229,4.15097,-0.0752887,0.951571
631,3mrr_AP,-217.076,305.308,-274.306,2.26597,-0.156759,0.908484
632,3mv7_AC,-219.724,316.068,-273.127,6.67954,-0.173739,0.447749
635,3mv8_AC,-214.741,306.442,-269.315,6.42125,-0.232573,0.446536
636,3mv9_AC,-220.988,322.852,-277.89,34.026,-0.132057,0.457296
639,3myj_AC,-220.866,315.57,-279.104,4.95824,-0.0937363,0.954238
640,3nfn_AC,-221.493,323.386,-276.527,12.3565,-0.776773,1.42633
643,3o4l_AC,-218.334,314.331,-274.515,14.4506,-0.100049,0.706561
644,3ox8_AC,-222.537,313.995,-280.211,12.9708,-0.198943,0.966015
647,3oxr_AC,-224.588,313.399,-284.502,9.00704,-0.314488,0.735681
648,3oxs_AC,-221.408,309.323,-280.252,5.18227,-0.305055,0.744947
651,3p4m_AF,-211.353,310.012,-266.459,13.4831,0.123528,0.24871
652,3p4n_AF,-213.173,313.022,-269.826,16.3676,0.150482,0.442065
655,3p4o_AF,-215.805,316.654,-271.711,19.5091,-0.0576989,0.2661
656,3p9l_AF,-209.853,304.389,-265.773,9.13037,0.118278,0.25915
659,3p9m_AF,-212.855,306.025,-270.345,7.10807,-0.0516548,0.442831
660,3pab_AF,-212.999,310.843,-271.455,23.2746,0.0797873,0.476189
663,3pqy_AC,-217.343,319.35,-274.684,13.3105,-0.351083,0.391396
665,3pwj_AC,-218.222,308.213,-275.521,7.21164,-0.169476,0.901013
666,3pwl_AC,-220.672,312.05,-278.32,4.20742,-0.125468,0.924176
669,3pwn_AC,-220.623,311.022,-278.389,3.96165,-0.0544861,0.661457
670,3pwp_AC,-216.585,310.844,-272.106,9.9555,-0.151056,0.925389
673,3qdg_AC,-215.318,308.232,-272.657,7.29594,0.018687,0.760069
674,3qdj_AC,-211.04,299.58,-266.026,4.67666,-0.161676,0.944976
676,3qdm_AC,-213.431,305.685,-269.888,8.54233,-0.0232356,0.725451
679,3qeq_AC,-210.89,301.791,-264.446,4.35167,-0.127618,0.728607
681,3qfd_AC,-215.626,308.884,-271.069,4.52208,-0.13045,0.71823
682,3qfj_AC,-222.26,318.512,-281.573,9.60491,-0.097609,0.730804
685,3quk_AC,-209.008,299.258,-265.413,6.46844,-0.763151,0.514472
686,3qul_AC,-209.505,294.687,-265.34,6.2431,-0.603627,0.339763
689,3qzw_AC,-219.006,320.375,-272.369,14.3104,-0.774416,1.18315
690,3rew_AC,-217.532,308.81,-275.376,6.18855,-0.25041,0.682529
692,3rgv_CE,-211.57,310.852,-265.749,32.3437,-0.0176343,0.211853
695,3rl1_AC,-217.156,320.739,-271.689,12.2734,-0.525068,0.228194
696,3rl2_AC,-213.7,314.97,-266.428,9.90987,-0.843158,0.225815
699,3roo_AE,-208.424,300.68,-265.238,3.77165,-0.0344602,0.236938
700,3sjv_AC,-210.363,319.833,-260.269,21.76,-1.09339,0.241551
703,3skm_AC,-211.355,308.446,-261.436,6.88614,-1.1383,0.778535
704,3sko_AC,-206.016,301.922,-253.973,8.74319,-0.993132,0.321454
707,3spv_AC,-214.333,316.979,-264.607,11.8825,-0.64829,0.325659
708,3tbs_AC,-213.151,299.524,-270.464,11.1064,-0.672967,0.34476
711,3tbt_AC,-208.983,294.415,-264.152,8.62594,-0.499292,0.330922
712,3tbv_AI,-211.315,300.546,-268.529,13.1167,-0.653776,0.554493
715,3tbw_AI,-215.05,306.335,-271.925,10.7311,-0.600336,0.346084
717,3tby_AC,-210.518,300.839,-265.685,6.44539,-0.650873,0.312822
718,3tf7_AB,-201.089,288.592,-253.167,7.35324,-0.461294,0.23812
721,3tfk_AB,-202.328,300.498,-252.907,17.3695,-0.4914,0.263359
722,3tid_AC,-214.474,306.798,-272.031,5.43229,0.0204287,0.222986
725,3tie_AC,-211.394,304.029,-267.09,12.9488,0.0246919,0.28016
727,3tjh_AB,-215.77,306.084,-270.347,14.4597,-0.257242,0.219875
728,3to2_AC,-217.491,312.194,-274.293,10.2585,-0.113569,0.889841
731,3tpu_EF,-202.056,278.927,-257.632,28.0488,-0.566346,0.236445
732,3upr_AP,-216.496,309.405,-272.704,5.39741,-0.748699,0.82628
735,3utq_AC,-217.037,308.416,-273.363,5.28774,-0.303762,0.742945
736,3uts_AC,-213.784,309.334,-268.543,12.1282,-0.2431,0.914138
739,3utt_AC,-232.963,327.925,-295.426,15.6393,-0.193275,0.77173
740,3v5d_AC,-213.349,307.43,-268.836,2.73207,-0.607371,0.968955
743,3v5h_AC,-216.173,307.88,-272.297,2.09591,-0.562919,1.03752
744,3v5k_AC,-220.2,316.654,-276.342,1.62814,-0.581141,0.913483
747,3vcl_AC,-218.14,322.995,-269.032,10.2031,-0.872602,0.944659
748,3vfm_AC,-219.721,311.44,-275.48,8.10489,-0.500996,0.291611
751,3vfn_AC,-233.76,331.26,-292.443,10.1046,-0.486625,0.347245
752,3vfo_AC,-218.078,307.232,-273.903,8.12632,-0.492452,0.278373
755,3vfp_AC,-219.972,312.417,-276.116,7.06685,-0.505414,0.301461
756,3vfr_AC,-231.472,327.645,-290.664,8.01707,-0.476046,0.318394
759,3vfs_AC,-222.602,315.646,-278.235,6.76616,-0.480938,0.312226
760,3vft_AC,-221.656,315.582,-278.201,6.18452,-0.5076,0.300329
763,3vfu_AC,-233.132,328.889,-292.799,9.65816,-0.462698,0.309907
764,3vfv_AC,-217.92,309.344,-272.661,6.83414,-0.479488,0.310338
767,3vfw_AC,-219.564,314.892,-272.698,9.53253,-0.437088,0.311187
768,3vh8_AC,-213.252,304.048,-269.343,7.7293,-0.594276,0.315037
771,3vri_AC,-214.148,299.857,-271.696,5.49919,-0.925073,0.315978
772,3vrj_AC,-215.737,309.852,-272.199,6.10763,-0.552282,0.298547
775,3vxm_AC,-218.529,314.738,-272.832,9.6459,-0.709897,0.547855
776,3vxn_AC,-217.1,310.165,-272.447,7.14453,-0.869518,0.729857
779,3vxo_AC,-213.466,306.727,-267.318,9.97073,-0.925827,0.504191
780,3vxp_AC,-215.456,311.044,-268.917,7.7893,-0.90707,0.530467
783,3vxr_AC,-216.333,313.736,-270.053,4.57637,-0.803403,0.520686
785,3vxs_AC,-217.658,314.446,-272.327,3.95136,-0.714433,0.739796
786,3vxu_AC,-215.996,321.246,-268.759,30.3565,-0.916241,0.955952
789,3w0w_AC,-215.741,311.329,-269.151,9.50636,-0.95294,0.694985
790,3w39_AC,-215.038,314.291,-269.934,22.6361,-0.391082,0.519456
793,3wl9_AC,-216.373,313.92,-268.519,3.47082,-0.514788,0.4854
794,3wlb_AC,-213.912,308.519,-266.605,4.67375,-0.0673212,0.505145
797,3ws3_AE,-215.475,305.639,-271.847,13.7949,-0.385867,0.573776
798,3ws6_AE,-220.249,310.156,-279.199,5.78884,-0.778661,0.493375
801,3wuw_AC,-211.916,300.549,-267.079,7.40711,-0.59178,0.317518
802,3x11_AC,-212.46,303.301,-266.369,3.9679,-0.561061,0.312291
804,3x12_AC,-220.127,312.001,-277.253,3.46507,-0.659024,0.331118
807,3x13_AC,-210.692,308.115,-259.248,4.25176,-1.16751,0.777709
808,3x14_AC,-212.046,312.397,-262.991,3.22797,-1.25917,0.787704
811,4e5x_AC,-225.922,321.812,-284.133,11.493,-0.114417,1.1395
812,4eup_AC,-216.749,313.951,-271.682,11.932,-0.170781,0.735616
815,4f7m_AC,-213.934,316.359,-267.605,9.80998,-0.567696,1.22552
816,4f7t_AC,-217.044,312.221,-271.947,6.62187,-0.853282,1.41503
819,4ftv_AC,-215.18,304.763,-273.07,5.4805,-0.106227,0.938532
820,4g8g_AC,-230.186,338.168,-288.929,13.5873,-1.23292,0.517976
823,4g8i_AC,-223.365,327.311,-279.13,7.12743,-1.32849,0.473462
824,4g9d_AC,-218.818,318.677,-274.604,9.33512,-1.39328,0.476443
827,4g9f_AC,-216.324,315.354,-271.196,3.23238,-1.2463,0.468891
828,4gkn_AC,-218.526,317.814,-274.396,18.4715,-0.0868714,0.698306
831,4gks_AC,-221.038,319.17,-278.169,12.8426,-0.0861862,0.972994
832,4hkj_AC,-205.813,298.418,-262.346,5.03933,0.0298807,0.221584
835,4hs3_AC,-208.88,297.607,-263.669,7.05468,-0.0240324,0.222549
836,4huu_AC,-219.286,317.391,-274.351,2.33274,-0.23499,0.443396
839,4huv_AC,-215.436,309.789,-271.275,2.77165,-0.44021,0.791828
841,4huw_AI,-226.549,328.459,-284.486,4.089,-0.562242,0.351426
842,4hux_AC,-219.442,320.925,-273.67,2.71212,-0.373206,0.31013
845,4hv8_AE,-215.649,312.038,-270.552,3.0633,-0.499676,0.549707
846,4hwz_AC,-217.723,313.908,-272.178,10.5809,-0.220157,0.46752
849,4hx1_AC,-219.805,308.775,-276.507,6.02972,-0.0582632,0.629795
850,4i48_AC,-213.016,318.117,-262.173,11.2619,0.0953158,0.601126
853,4i4w_AC,-217.497,307.884,-274.378,4.32943,0.0422462,1.09596
854,4iho_AC,-207.231,305.887,-258.978,18.6209,-0.582791,0.409423
857,4jfd_AC,-220.348,315.789,-277.647,10.9151,0.0274519,0.721984
858,4jfe_AC,-216.192,313.065,-272.609,14.4779,-0.038009,0.649161
861,4jff_AC,-223.218,321.9,-281.002,13.0527,0.0171918,0.739915
862,4jfo_AC,-216.827,311.366,-273.099,7.66202,-0.171235,0.702056
864,4jfp_AC,-217.81,311.046,-275.597,5.65135,0.0487497,0.709395
867,4jfq_AC,-220.394,315.455,-278.688,9.55714,-0.0325012,0.738247
868,4jqv_AB,-219.073,321.667,-268.224,5.03367,-0.538383,0.653214
871,4jqx_AB,-224.349,331.722,-277.583,5.71316,-0.717605,0.199413
873,4jrx_AC,-210.547,298.969,-265.196,7.48132,-0.474072,0.270963
874,4jry_AC,-219.495,310.183,-276.509,16.4032,-0.5519,0.291634
877,4k7f_AC,-220.031,309.778,-279.021,5.3254,-0.194334,0.728685
878,4l29_Am,-220.342,313.785,-278.309,12.3678,-0.0913024,0.729453
881,4l3c_Am,-217.107,310.103,-273.17,11.8532,-0.0932531,0.719072
882,4l3e_AC,-219.377,312.956,-277.92,12.8417,0.102862,0.946477
884,4l8b_AC,-209.422,305.793,-263.523,2.99942,-0.789693,1.03259
887,4l8c_AI,-217.168,323.144,-271.883,3.93237,-0.622561,0.929866
888,4l8d_AE,-217.906,313.122,-274.255,2.20711,-0.304485,0.751417
891,4lcy_AC,-219.741,317.24,-273.97,4.58319,-0.115068,0.314494
892,4lnr_AC,-222.533,314.479,-279.483,14.4328,-0.0999809,0.288934
895,4mj5_AC,-222.179,330.721,-277.733,10.1,-0.452818,0.252448
896,4mj6_AC,-220.916,319.488,-277.946,10.8571,-0.456763,0.245606
899,4mji_AC,-212.961,306.432,-270.114,25.8,-0.0311613,0.391215
900,4mnq_AC,-216.271,310.502,-273.974,15.5298,-0.0395087,1.0704
903,4ms8_AB,-197.804,274.318,-251.528,9.89002,-0.0662977,0.251996
904,4mvb_AB,-194.01,284.827,-243.895,7.83883,-0.262574,0.233045
907,4mxq_AB,-207.542,293.967,-264.443,6.58646,-0.473191,0.237862
908,4n0c_AB,-197.893,292.091,-247.199,12.7508,-0.606982,0.215633
911,4n5e_AB,-209.991,290.829,-268.899,6.529,-0.336103,0.215623
913,4n8v_AC,-213.959,313.384,-266.573,7.38472,-0.404352,0.213284
914,4nny_AC,-212.691,305.356,-266.411,3.22384,-0.262839,0.743255
917,4no0_AC,-212.524,312.447,-267.092,20.0091,-0.758829,1.15235
918,4no5_AC,-219.692,312.2,-275.339,4.19616,-0.362436,0.726787
921,4nqv_AM,-209.432,312.161,-257.822,3.29044,-0.803891,0.399538
922,4nqx_AM,-208.424,310.602,-257.393,2.19594,-0.821879,0.386027
925,4nsk_AC,-222.893,318.853,-282.262,13.6906,-0.727179,0.282833
926,4nt6_AC,-218.323,313.124,-275.2,6.87249,-0.3888,0.213781
929,4o2e_AC,-215.926,312.552,-267.964,10.4992,-0.158021,1.06717
930,4o2f_AC,-213.795,308.36,-266.433,10.593,-0.0531832,1.00028
933,4pg2_AD,-211.693,309.53,-267.819,8.26056,-0.378475,1.19365
934,4pg9_AC,-206.025,296.639,-261.546,3.14322,-0.0396512,0.226613
937,4pgb_AC,-204.322,296.543,-259.881,3.49511,-0.0381052,0.206323
938,4pgd_AC,-208.503,298.461,-264.986,2.86469,-0.0321921,0.220192
941,4pge_AC,-211.582,303.147,-267.957,3.18393,-0.0284429,0.235045
942,4pr5_AC,-225.739,319.293,-283.06,8.06865,-0.534639,0.408612
945,4pra_AC,-225.943,323.123,-282.712,10.2143,-0.430319,0.408116
946,4prb_AC,-221.059,315.909,-273.883,8.50718,-0.874154,0.396431
949,4prd_AC,-215.089,308.879,-267.051,9.42361,-1.05381,0.410191
950,4pre_AC,-215.976,311.006,-267.963,8.42191,-0.768072,0.40286
952,4prh_AC,-208.025,301.894,-258.626,5.75684,-0.514874,0.420644
955,4pri_AC,-218.514,315.388,-271.937,4.36191,-0.686037,0.439882
956,4prn_AC,-229.075,325.721,-286.687,8.66883,-0.436572,0.462224
959,4prp_AC,-208.873,295.978,-261.814,5.43608,-0.0337906,0.421182
960,4qok_AC,-216.943,312.931,-272.364,15.0456,-0.0247575,0.935808
963,4qrp_AC,-199.383,308.774,-242.733,4.64393,-0.577793,0.413024
964,4qrq_AC,-209.568,311.558,-257.022,7.55205,-0.509749,0.507947
967,4qrr_AP,-207.523,301.932,-259.942,1.96213,-0.223747,0.39837
968,4qrs_AC,-219.736,323.193,-272.137,5.82585,-0.994395,0.327907
971,4qrt_AC,-215.198,316.015,-265.819,5.74312,-0.584853,0.352237
972,4qru_AC,-215.049,315.59,-266.312,5.90836,-1.16498,0.317242
975,4u1h_AC,-213.565,312.985,-263.581,4.80371,-0.383599,0.309184
976,4u1i_AC,-211.484,311.128,-262.1,7.95096,-0.104613,0.294782
979,4u1j_AC,-213.842,311.734,-264.6,5.87913,-0.354576,0.675907
980,4u1k_AC,-215.845,313.51,-267.746,9.05348,-0.692238,0.653451
983,4u1l_AC,-217.295,312.294,-269.526,8.62509,-0.566659,0.699934
984,4u1m_AC,-219.453,313.061,-273.246,6.00723,-0.236213,0.332153
987,4u1n_AC,-217.122,311.703,-269.717,6.94951,-0.36066,0.747332
988,4u1s_AC,-217.109,310.193,-270.322,4.76587,-0.299445,0.945465
991,4wdi_AC,-221.473,313.905,-278.188,11.7776,-0.324997,0.349339
992,4wu5_AC,-216.803,312.01,-270.867,11.7403,-0.734883,0.737927
995,4wu7_AC,-214.594,310.151,-268.185,9.95733,-0.906234,0.673012
996,4wuu_AC,-220.301,317.202,-277.143,11.2231,-0.326567,0.729321
999,4xxc_AB,-219.531,322.043,-268.931,5.34081,-0.446679,0.606354
1001,4z76_AC,-226.026,315.086,-285.391,10.5131,-0.228044,0.317015
1002,4z77_AC,-225.179,312.474,-285.164,11.2657,-0.237444,0.330058
1005,4z78_AC,-219.019,304.87,-275.695,11.0998,-0.278107,0.333015
1006,5b38_AC,-210.044,298.88,-264.967,9.6272,-0.624389,0.309702
1008,5b39_AC,-209.22,296.797,-264.005,8.63008,-0.625462,0.308821
1011,5brz_AC,-210.812,312.542,-261.071,13.4735,-0.758161,0.947631
1012,5bs0_AC,-206.075,303.981,-255.084,11.6124,-0.661006,0.821424
1015,5c07_AC,-223.152,319.915,-279.656,6.98903,-0.284242,1.11687
1016,5c08_AC,-221.419,314.498,-277.474,22.6945,-0.462967,1.11188
1019,5c09_AC,-215.901,310.803,-271.723,9.91371,-0.257558,1.13014
1020,5c0a_AC,-218.126,309.406,-275.377,6.64287,-0.193729,0.910712
1023,5c0b_AC,-220.03,310.331,-276.396,8.39699,-0.410123,0.904928
1025,5c0c_AC,-221.052,317.298,-276.86,8.81254,-0.426933,0.708858
1026,5c0d_AC,-214.848,306.173,-269.256,5.40098,-0.330708,0.9103
1029,5c0e_AC,-222.249,314.422,-279.448,4.07983,-0.281713,0.76293
1030,5c0f_AC,-219.197,311.638,-274.753,3.92699,-0.470707,0.793797
1033,5c0g_AC,-217.168,304.277,-274.898,6.17971,-0.225276,0.678701
1035,5c0i_AC,-221.6,313.764,-277.728,6.23725,-0.474299,0.784047
1037,5c0j_AC,-222.464,313.167,-279.388,5.12983,-0.331565,0.8029
1039,5d2l_AQ,-215.118,315.155,-271.688,24.0308,-0.18924,0.907136
1041,5d2n_AI,-222.809,318.938,-279.268,8.14713,-0.143373,0.729022
1042,5d9s_AC,-222.423,312.867,-281.02,2.08932,-0.743122,0.9549
1045,5ddh_AC,-223.175,314.715,-281.555,1.23006,-0.813844,0.935065
1047,5def_AC,-222.872,326.843,-275.064,4.93069,-1.80594,0.537157
1048,5deg_AC,-222.019,325.639,-274.127,6.18119,-2.06024,0.465804
1051,5e00_AC,-218.715,307.939,-275.222,4.45568,-0.067274,0.738887
1052,5e6i_CE,-186.543,283.758,-235.392,25.7779,-0.134536,1.23264
1054,5e8n_AC,-214.768,304.631,-272.903,11.6857,-0.5204,0.302004
1056,5e9d_AC,-216.171,315.688,-272.484,6.37452,0.0541901,0.725457
1059,5enw_AC,-216.149,305.788,-273.186,1.21969,-0.463153,0.784279
1060,5eo0_AC,-215.766,317.503,-266.504,5.45914,-0.626769,0.319738
1063,5eo1_AC,-215.321,317.043,-266.798,4.48422,-0.478775,0.290974
1064,5eot_AC,-217.967,302.86,-276.368,1.46121,-0.285375,0.754582
1067,5eu3_AC,-222.894,320.658,-279.378,5.65558,-0.268841,0.718323
1068,5eu4_AC,-214.983,306.464,-269.3,6.88004,-0.15051,0.939312
1071,5eu5_AC,-219.05,311.419,-275.337,2.88408,-0.213583,0.732327
1072,5eu6_AC,-216.479,312.775,-271.54,6.11836,-0.248699,0.920041
1075,5euo_AJ,-217.173,308.077,-275.263,11.0348,-0.122474,0.746561
1076,5f7d_AC,-216.878,305.811,-273.271,3.36501,-0.735663,0.924988
1079,5f9j_AC,-214.028,306.403,-267.17,5.89547,-0.143931,0.73155
1080,5fa3_AC,-218.203,306.619,-276.025,1.19633,-0.27793,0.948785
1083,5fa4_AC,-216.831,307.639,-272.391,3.89942,-0.189889,0.916761
1084,5fdw_AC,-215.315,314.078,-269.933,5.9754,-0.121689,0.911912
1087,5gr7_AC,-223.664,316.366,-281.974,7.40238,-0.370137,0.45204
1089,5grd_AC,-216.605,319.42,-266.66,4.17543,-0.412852,0.223072
1091,5gsr_AP,-219.501,307.887,-278.099,5.71866,-0.311762,0.270084
1093,5gsv_AC,-219.46,306.456,-277.668,7.11784,-0.237499,0.569948
1094,5gsx_AC,-220.288,308.59,-278.122,8.05325,-0.306993,0.289528
1096,5hga_AC,-217.641,314.85,-270.336,6.82032,-0.741991,0.703578
1099,5hgb_AC,-218.004,312.398,-273.638,16.8041,-0.762863,0.52056
1100,5hgd_AC,-219.2,316.216,-273.968,8.68938,-0.967067,0.545152
1103,5hgh_AC,-221.493,323.386,-276.527,12.3565,-0.776773,1.42633
1105,5hhm_AC,-213.705,306.964,-270.259,2.55263,-0.0612575,0.758813
1106,5hhn_AC,-217.564,306.784,-275.74,2.07827,-0.186311,0.749284
1108,5hho_AC,-214.162,309.372,-272.303,5.16228,-0.148963,0.735417
1111,5hhp_AC,-218.413,309.952,-276.886,6.49343,-0.485779,0.757113
1113,5hhq_AC,-218.964,311.342,-277.05,6.48653,-0.122387,0.737874
1114,5hyj_AC,-215.656,311.265,-270.098,11.6633,-0.259811,0.974502
1117,5ib1_AC,-217.357,320.673,-270.056,6.40589,-1.88412,0.687818
1118,5ib2_AC,-223.526,327.904,-278.619,5.27812,-2.01961,0.737676
1121,5ib3_AC,-220.949,323.421,-274.027,6.97183,-1.58153,0.752996
1122,5ib4_AC,-222.428,325.545,-276.487,6.30895,-1.49885,0.730368
1124,5ib5_AC,-225.554,332.92,-280.015,8.79168,-1.62556,0.876488
1127,5iek_AC,-217.446,319.83,-269.455,5.70159,-1.13942,1.07467
1129,5im7_AE,-212.12,305.168,-264.87,10.2644,-0.536381,0.308657
1131,5inc_AE,-211.415,308.657,-264.615,18.0521,-0.627937,0.314129
1132,5ind_AE,-213.533,310.574,-266.463,6.88843,-0.614096,0.318005
1135,5iro_AB,-208.53,321.547,-258.746,21.0255,-0.0280883,0.930303
1136,5isz_AC,-213.177,299.341,-270.722,4.65413,-0.147472,0.690731
1138,5ivx_AP,-218.04,316.741,-272.014,5.57072,-0.870122,0.16583
1141,5jhd_AC,-217.353,308.293,-275.886,5.51879,-0.10054,0.716113
1142,5jwd_AC,-218.843,312.707,-276.844,8.88351,-0.383115,0.507968
1145,5jwe_AP,-217.244,311.605,-272.524,11.0516,-0.386619,0.635748
1147,5jzi_AC,-213.653,311.16,-268.132,6.27412,-0.184092,0.709521
1149,5kd4_AP,-207.688,313.564,-258.366,12.6945,-0.66107,0.195037
1151,5kd7_AP,-215.471,313.568,-270.381,8.97786,-0.572018,0.173798
1152,5m00_AP,-217.102,305.968,-275.292,4.14517,-0.720493,0.297587
1154,5m01_AP,-219.234,310.41,-277.204,2.31002,-0.721405,0.483866
1157,5m02_AP,-220.51,309.083,-279.731,6.53561,-0.689946,0.255427
1159,5men_AC,-219.683,317.128,-277.49,16.4728,-0.0683675,1.09929
1160,5meo_AC,-216.087,305.862,-272.136,3.06479,0.0410106,1.09457
1163,5mep_AC,-216.001,309.06,-272.093,9.29278,-0.0751869,0.896906
1165,5meq_AC,-211.699,299.188,-267.134,6.03988,-0.0618987,1.00119
1166,5mer_AC,-218.377,310.34,-276.091,6.9734,-0.0267474,1.02962
1169,5mzm_AC,-210.936,298.693,-266.97,4.89271,-0.546141,0.426092
1170,5n1y_AC,-219.328,307.033,-279.03,3.32434,-0.317418,0.779224
1173,5n6b_AC,-216.165,305.39,-274.013,2.06577,-0.103667,0.933044
1174,5nht_HP,-220.364,317.477,-277.866,8.40829,0.0231373,0.927152
1177,5nme_AC,-207.996,299.189,-261.086,11.3829,-0.105274,0.950706
1178,5nmf_AC,-212.566,307.838,-266.587,6.7679,-0.129156,0.75287
1181,5nmg_AC,-215.227,305.934,-270.383,7.66632,-0.159066,0.721956
1182,5nmh_AC,-216.935,306.397,-273.393,5.96777,-0.16425,0.922899
1185,5nmk_AC,-216.632,306.93,-273.04,3.21981,-0.193179,0.919392
1186,5nqk_HP,-214.825,315.324,-271.269,3.82619,0.0396698,0.938043
1189,5swq_AC,-217.932,311.525,-274.976,12.15,-0.200169,0.906686
1191,5sws_AC,-199.987,293.496,-251.549,3.57588,-0.545257,0.367944
1192,5t6w_AC,-217.317,306.474,-273.609,7.5227,-0.740165,0.326823
1195,5t6x_AC,-215.577,306.906,-271.511,6.62395,-0.399778,0.323994
1196,5t6y_AC,-213.154,302.308,-269.225,6.38817,-0.3839,0.309394
1199,5t6z_AC,-217.079,307.214,-274.115,6.88449,-0.315951,0.304624
1201,5t70_AC,-205.497,297.29,-257.332,4.21164,-0.251767,0.297612
1202,5t7g_AP,-213.558,310.436,-267.576,10.9052,-0.547956,0.165809
1204,5tez_AC,-222.484,314.573,-282.734,14.7586,-0.0866748,0.731502
1207,5til_AC,-211.038,303.389,-267.077,3.73814,-0.67849,0.32003
1208,5tje_AI,-208.512,302.709,-262.91,12.1551,-0.800886,0.314792
1210,5trz_AP,-227.348,319.021,-286.062,9.11503,-0.257101,0.33883
1212,5ts1_AP,-226.779,321.981,-285.555,8.66699,-0.322734,0.306315
1215,5txs_AC,-222.079,324.381,-272.772,4.5712,-0.366454,0.328087
1217,5u98_AC,-214.537,305.25,-270.412,6.72041,-0.273806,0.329613
1218,5v5l_AE,-214.585,308.408,-268.778,5.92017,-0.566881,0.276319
1220,5v5m_AE,-216.602,309.598,-273.428,11.2878,-0.367598,0.350953
1223,5vgd_AC,-215.476,317.401,-268.261,4.6765,-0.929779,0.187579
1224,5vge_AC,-205.125,307.462,-251.325,3.2348,-0.829409,0.18591
1226,5vud_AC,-215.572,304.491,-272.452,5.49529,-0.636188,0.308368
1228,5vue_AC,-217.14,304.066,-274.367,7.81778,-0.765231,0.316179
1231,5vuf_AC,-217.98,306.19,-275.728,6.16605,-0.718271,0.316028
1233,5vvp_AC,-216.428,301.217,-274.691,5.85888,-0.425545,0.30014
1234,5vwd_AC,-218.289,305.206,-276.871,5.11913,-0.470661,0.313171
1237,5vwf_AC,-216.378,303.523,-274.365,7.9291,-0.43597,0.31851
1238,5vwh_AC,-214.675,307.363,-268.815,6.2773,-0.498271,0.31058
1240,5vwj_AC,-218.4,314.726,-273.782,9.44325,-0.476553,0.29961
1243,5vz5_AC,-224.071,326.732,-276.998,15.5685,-0.49516,0.29634
1244,5w1v_AC,-208.845,304.169,-262.832,5.6434,-0.775911,0.872599
1247,5w1w_AC,-213.021,309.065,-268.342,3.70571,-0.714024,1.51193
1249,5w69_AI,-216.82,315.333,-268.518,4.81495,-1.39467,0.17785
1250,5w6a_AE,-220.792,319.215,-275.34,7.65528,-1.78527,0.172033
1253,5weu_AP,-214.48,307.912,-269.695,5.24931,-0.878141,0.183631
1254,5wjl_AC,-217.077,324.673,-266.63,9.83701,-0.578044,0.430998
1256,5wjn_AC,-213.631,315.861,-263.252,2.82026,-0.611851,0.247065
1259,5wkf_AC,-210.863,310.23,-259.787,2.71603,-0.669961,0.233057
1261,5wkh_AC,-212.566,318.93,-261.463,3.77302,-0.678163,0.238119
1262,5wlg_AC,-219.127,312.504,-277.605,2.36771,-0.294749,0.477815
1265,5wli_AC,-221.869,317.842,-278.264,3.85364,-0.349375,0.37225
1266,5wmn_AE,-213.303,312.75,-263.17,4.08439,-0.205797,0.304428
1269,5wmo_AC,-218.429,316.896,-269.201,4.06665,-0.846282,0.731452
1270,5wmp_AC,-212.685,312.883,-261.607,3.013,-0.51258,0.704875
1273,5wmq_AC,-213.02,313.03,-261.614,6.45193,-1.2075,0.296846
1274,5wmr_AC,-205.209,304.736,-251.443,4.65903,-0.933875,0.373319
1277,5wsh_AC,-221.183,313.405,-277.59,6.47085,-0.019402,0.748936
1278,5wwi_AE,-216.035,321.104,-269.947,11.2317,-0.482917,1.21734
1281,5wwu_AE,-216.515,318.973,-270.886,9.03542,-0.406915,0.492051
1282,5wxd_AE,-217.446,323.851,-270.777,11.7153,-0.466696,0.519709
1285,5xos_AC,-217.396,315.401,-271.977,8.71019,-0.602817,0.299922
1286,5xot_AC,-213.851,308.821,-268.395,13.4302,-0.501343,0.285267
1289,5xov_AC,-221.454,322.672,-276.254,10.9246,-0.662867,1.41806
1290,5xs3_AC,-210.713,309.363,-264.106,10.9508,-0.92656,0.233513
1293,5yxn_CI,-224.055,318.12,-282.508,8.27405,-0.189093,0.739513
1294,5yxu_CI,-221.744,316.523,-279.3,13.0716,-0.165791,0.935018
1297,6aee_AC,-215.57,313.424,-269.233,11.3377,-0.986841,1.19403
1298,6am5_AC,-219.556,311.317,-278.931,4.65889,-0.148934,0.742848
1301,6amt_AC,-216.6,317.856,-271.919,6.93703,-0.38804,0.967393
1302,6amu_AC,-220.782,311.493,-278.529,5.10858,-0.382205,0.659089
1305,6at5_AC,-215.451,317.474,-265.487,6.42334,-0.452479,0.322143
1306,6at9_AC,-214.321,323.289,-262.843,17.37,-0.511919,0.367935
1309,6avf_HP,-217.175,318.511,-265.62,9.73226,-0.437501,0.385955
1310,6avg_FQ,-211.627,312.885,-259.807,9.22094,-0.4833,0.751628
1313,6bj2_AC,-202.866,299.735,-256.509,8.29075,-0.655053,0.328138
1314,6bj3_AC,-212.82,300.295,-269.302,5.35448,-0.509413,0.285885
1317,6bj8_AC,-214.231,304.777,-269.612,5.53253,-0.524368,0.283806
1318,6d29_AC,-216.37,307.752,-271.828,6.7089,-0.776435,0.322314
1321,6d2r_AC,-215.583,305.338,-271.886,5.08405,-0.453416,0.425743
1322,6d2t_AC,-208.577,294.878,-264.466,6.20896,-0.47552,0.316591
1325,6d78_AC,-217.416,311.954,-274.243,5.36675,-0.0785563,0.763898
1326,6dkp_AC,-217.196,314.068,-274.202,5.95404,0.062919,0.733704
1329,6ei2_AC,-221.152,319.226,-274.454,5.4019,-0.634548,0.284529
1330,6eqa_AC,-211.727,306.241,-265.146,25.9532,-0.0321084,0.928072
1333,6eqb_AC,-214.735,307.424,-270.157,16.7892,-0.0400988,0.720254
1334,6ewa_AC,-212.586,305.368,-269.187,3.77729,-0.111851,1.00139
1337,6ewc_AC,-216.175,309.474,-271.621,4.24562,-0.312055,1.20013
1338,6ewo_AC,-208.008,299.786,-261.652,4.39653,-0.489995,0.889964
1341,6g3j_AC,-210.183,306.405,-264.504,5.73933,-0.133165,0.703737
1342,6g3k_AC,-209.045,309.724,-259.737,15.1329,-0.103483,0.874554
1345,6g9q_AP,-216.966,312.395,-273.875,6.8036,-0.351784,0.266767
1346,6g9r_AP,-212.774,306.975,-268.583,5.77274,-0.17803,0.552067
1349,6ggm_AP,-210.371,302.194,-264.083,4.63146,-0.562091,0.649331
1350,6gh1_AP,-214.125,308.814,-269.081,3.76415,-0.531252,0.642262
1353,6gh4_AP,-214.259,307.844,-267.543,4.79128,-0.515165,0.630479
1354,6ghn_AP,-204.808,293.378,-257.682,4.35438,-0.755206,0.645709
1356,6gl1_AP,-215.85,311.506,-270.161,6.50683,-0.30977,0.631411
1359,6h6d_AC,-212.331,305.584,-266.25,5.29437,-0.674029,0.494748
1360,6h6h_AC,-210.107,303.794,-261.656,5.41589,-0.767185,0.476377
1363,6id4_AU,-216.992,317.942,-268.407,5.28136,-0.396753,0.443041
1364,6iex_AC,-218.782,318.689,-272.825,12.4873,-0.524996,0.451891
1367,6j1v_AC,-217.374,317.961,-269.358,6.68644,-0.523143,0.4484
1368,6j1w_AC,-216.717,315.187,-271.355,7.88738,-0.547565,0.321201
1371,6j29_AC,-218.948,312.275,-273.09,6.70912,-0.359055,0.488001
1372,6j2a_AC,-216.174,317.944,-267.28,4.84107,-0.355475,1.59653
1375,6joz_AC,-218.923,316.98,-271.139,2.42251,-0.381305,0.436033
1376,6jq2_AP,-211.83,308.542,-268.869,12.6233,0.0387051,0.241616
1379,6jq3_AP,-213.525,312.991,-271.068,18.7293,0.0130191,0.242802
1380,6jtn_AC,-215.089,316.245,-265.918,6.1078,-0.549758,0.185073
1383,6jto_AC,-212.002,309.835,-262.258,6.59982,-0.701645,0.182026
1384,6jtp_AC,-214.188,313.559,-264.667,7.22091,-0.625121,0.186035
1387,6k60_AC,-212.874,306.613,-266.617,8.20123,-1.02262,0.9921
1388,6l9k_AQ,-214.491,300.838,-268.845,7.2069,-0.343015,0.337258
1391,6l9l_AB,-211.407,297.784,-264.905,10.1163,-0.255263,0.361847
1392,6mpp_AB,-205.841,300.632,-257.016,9.39831,-1.30637,0.325109
1395,6mt3_AB,-218.499,324.389,-265.909,3.31422,-0.308517,0.617053
1396,6mt4_AC,-218.045,317.574,-269.235,3.93422,-0.168488,0.348443
1399,6mt5_AC,-218.578,320.168,-270.688,4.98387,-0.175312,0.342438
1400,6mt6_AB,-217.581,314.165,-270.04,3.11883,-0.179959,0.340661
1403,6mtl_AC,-216.269,315.067,-267.944,3.21242,-0.349227,0.202073
1404,6mtm_AC,-213.971,319.094,-264.482,3.2153,-0.240594,0.322857
1407,6nca_AU,-209.14,302.751,-265.16,11.3447,-0.186205,0.775896
1408,6npr_AR,-218.548,316.061,-272.736,8.52441,-0.980639,0.175825
1411,6o4y_AC,-217.465,308.619,-273.215,2.17911,-0.165104,0.946981
1412,6o4z_AC,-216.441,306.781,-272.384,1.99387,-0.185548,0.739392
1415,6o51_AC,-216.299,306.24,-273.74,3.15166,-0.138716,0.734607
1416,6o53_AC,-216.438,308.295,-272.94,3.12491,-0.200423,0.699806
1419,6o9b_AC,-210.513,308.917,-262.965,8.03736,-0.505372,0.440999
1420,6o9c_AC,-209.875,307.749,-262.333,13.6989,-0.502375,0.438088
1423,6opd_AC,-219.743,312.91,-276.509,5.47324,-0.0920846,0.943943
1425,6p64_AC,-220.871,312.771,-279.354,6.55648,-0.198539,1.11988
1426,6pa1_AC,-206.156,314.313,-251.803,10.5594,-0.666161,0.20932
1428,6pag_AC,-208.67,312.332,-256.515,6.84742,-0.658684,0.168342
1431,6ptb_AC,-218.641,313.7,-275.967,6.24525,-0.0885326,0.904183
1432,6pte_AC,-219.613,312.604,-278.312,3.90489,-0.0947401,0.739608
1435,6pyj_AC,-216.173,312.14,-269.216,4.88637,-0.575148,0.455467
1436,6pyl_AC,-218.663,319.077,-275.222,3.34473,-1.46313,0.615517
1439,6pyv_AC,-215.77,314.26,-268.219,4.4395,-0.659253,0.598618
1441,6pyw_AC,-215.864,312.702,-267.726,4.53606,-0.608337,0.463463
1442,6pz5_AC,-217.743,316.27,-270.665,4.12365,-0.598403,0.579155
1445,6q3k_AP,-215.876,305.468,-270.961,4.05051,-0.105707,0.746985
1446,6q3s_AC,-212.763,304.2,-267.692,6.72982,-0.04052,0.726884
1449,6r2l_AC,-200.697,290.305,-251.064,4.34461,-0.207311,0.648906
1450,6rp9_AC,-209.746,298.552,-265.045,1.23288,-0.170525,0.949523
1453,6rpa_AC,-211.911,303.608,-268.286,2.54105,-0.131594,0.939546
1454,6rpb_AC,-212.612,304.465,-267.668,0.949523,-0.118849,0.728889
1457,6rsy_AC,-215.398,300.753,-273.309,9.33496,-0.406937,1.1441
1458,6ss7_AC,-216.49,307.591,-274.056,4.95853,-0.153116,0.93655
1460,6ss8_AC,-209.389,299.268,-264.563,4.22557,-0.0981111,0.70456
1463,6ss9_AC,-215.89,314.375,-273.177,6.42932,-0.146325,1.02678
1464,6ssa_AC,-216.416,310.535,-272.927,5.6453,-0.113738,0.721617
1467,6tmo_AC,-218.634,308.29,-275.847,6.65651,0.00515322,0.720531
1468,6trn_AC,-203.269,291.63,-254.318,1.21153,-0.460629,0.766715
1471,6tro_AC,-212.46,308.897,-265.885,4.98503,-0.373677,0.817561
1472,6uj7_AC,-212.193,314.837,-261.916,5.98223,-0.2903,0.676438
1475,6uj8_AC,-213.42,315.741,-263.399,10.5694,-0.596956,0.324302
1476,6uj9_AC,-209.916,316.228,-258.366,15.8917,-0.148813,0.28539
1479,6ujo_AC,-222.078,311.289,-281.749,5.2553,-0.224704,0.732728
1480,6ujq_AC,-223.28,320.743,-282.302,5.25038,-0.123446,0.744501
1483,6uk2_AC,-213.606,311.771,-269.808,8.13911,-0.207944,0.963199
1484,6uk4_AC,-219.781,312.775,-278.286,9.51531,-0.180269,0.716288
1487,6uli_AC,-212.119,316.478,-260.067,6.964,-0.597154,0.166924
1488,6ulk_AC,-212.354,317.885,-261.25,5.91545,-0.710946,0.164351
1491,6uln_AC,-212.724,311.109,-263.209,6.48964,-0.634982,0.183971
1492,6ulr_AC,-203.382,303.068,-250.923,7.13601,-0.617099,0.164787
1495,6uon_AC,-197.597,295.233,-243.862,14.3164,-0.616335,0.160481
1497,6uz1_AC,-214.664,302.266,-272.522,7.22969,-0.102544,0.709582
1498,6uzm_AC,-215.417,310.517,-267.18,5.10053,-0.199337,0.554792
1501,6uzn_AC,-215.537,312.213,-265.355,5.22822,-0.218244,0.432554
1502,6uzo_AC,-217.239,311.6,-269.554,8.51231,-0.194177,0.566459
1504,6uzp_AC,-216.952,317.652,-268.333,5.54898,-0.300497,0.914432
1507,6uzq_AC,-218.077,317.324,-268.795,6.60312,-0.487838,0.56928
1508,6uzs_AC,-217.56,313.547,-270.645,5.55109,-0.371126,1.16203
1511,6v2o_AC,-214.258,302.884,-271.202,5.03534,-0.396042,0.332563
1513,6v2p_AC,-216.505,300.292,-275.118,3.24686,-0.42886,0.325431
1514,6v2q_AC,-216.44,303.881,-273.51,5.15019,-0.406036,0.327813
1516,6v3j_AC,-214.523,299.794,-271.847,8.42171,-0.446293,0.323551
1519,6vb0_AC,-223.323,324.158,-275.802,6.56355,-0.499537,0.205187
1520,6vb1_AC,-220.495,319.944,-272.942,6.51181,-0.412081,0.187905
1522,6vb2_AC,-221.938,318.439,-275.259,4.61575,-0.492008,0.193204
1524,6vb3_AC,-216.792,318.414,-267.561,8.0051,-0.300792,0.582472
1527,6vb4_AC,-217.064,311.53,-269.231,9.90487,-0.0618927,0.23839
1529,6vb5_AC,-218.896,316.446,-269.59,6.99255,-0.112699,0.254651
1530,6vb6_AC,-214.712,311.834,-264.099,6.89514,-0.136293,0.231721
1533,6vb7_AC,-219.286,319.623,-270.458,6.10291,-0.234403,0.44989
1534,6viu_AC,-217.064,311.53,-269.231,9.90487,-0.0618927,0.23839
1537,6vm7_AC,-216.537,314.338,-270.792,6.02968,-0.254793,0.914346
1538,6vm8_AC,-219.769,317.379,-276.0,5.42476,-0.260029,0.722347
1541,6vm9_AC,-214.002,309.672,-269.111,10.2098,-0.210254,0.725736
1543,6vma_AC,-214.48,309.79,-269.204,5.86646,-0.202653,0.700847
1544,6vmc_AC,-215.111,312.498,-270.373,6.77844,-0.196487,0.709769
1547,6vmx_AC,-210.322,309.164,-259.118,4.2741,-0.641833,0.309744
1548,6vpz_AC,-218.337,321.194,-271.952,5.25296,-0.959279,0.475639
1551,6vqo_AP,-215.174,314.943,-271.363,13.4557,-0.539844,1.59165
1552,6vr1_AP,-217.3,311.447,-270.726,12.0244,-0.42274,1.11923
1555,6vr5_AP,-215.079,311.218,-269.773,11.7433,-0.482831,1.16083
1556,6vrm_AP,-217.36,316.048,-271.757,17.381,-0.416818,0.889163
1559,6vrn_AP,-220.623,315.651,-276.949,9.94866,-0.314597,0.891416
1560,6w51_AC,-218.455,320.288,-272.938,14.4367,-0.403258,0.890819
1563,6wl2_AB,-200.349,300.469,-250.586,9.92301,0.178288,0.194973
1564,6wl3_AB,-203.638,304.286,-255.823,16.7764,0.101814,0.397911
1567,6wl4_AB,-195.628,292.03,-244.002,19.4479,-0.18281,0.199278
1569,6wzy_AC,-210.229,298.17,-264.613,3.51748,-0.634758,0.473736
1570,6x00_AC,-214.067,304.914,-270.718,4.02356,-0.574526,0.498298
1572,6xqa_AC,-216.253,313.526,-269.607,3.31918,-0.300935,0.563695
1575,6y26_AC,-215.02,315.296,-268.343,4.90913,-0.734348,0.473326
1576,6y27_AC,-214.791,313.222,-268.106,3.65463,-0.81966,0.582703
1579,6y28_AC,-211.722,310.442,-263.738,6.75657,-0.694897,0.457529
1580,6y29_AC,-214.938,312.478,-268.331,5.65061,-0.747204,0.633895
1583,6y2a_AC,-215.886,315.931,-270.107,4.75278,-0.738706,0.465671
1584,6y2b_AC,-218.276,317.26,-272.576,4.20272,-0.807666,0.582635
1587,6z9v_AC,-216.144,309.835,-270.948,5.86921,-0.163077,0.746206
1588,6z9w_AC,-217.024,315.784,-274.198,17.6341,-0.118504,0.757017
1591,7ji2_AC,-210.96,306.447,-268.701,7.57495,0.0746892,0.517993
1592,7jwi_AC,-208.203,303.948,-261.06,2.80701,-0.674855,0.758961
1595,7jwj_AC,-195.134,291.626,-243.664,3.12812,-0.514605,0.73667
1596,7jyu_AC,-217.668,318.49,-270.654,4.20392,-0.367731,0.480298
1599,7jyv_AC,-219.144,315.381,-273.845,4.89765,-0.429126,0.486984
1600,7jyw_AC,-211.985,309.755,-265.11,3.51462,-0.560693,0.51075
1603,7jyx_AC,-221.08,322.019,-275.776,4.76962,-0.584397,0.541055
1604,7k80_AC,-214.267,310.545,-268.518,10.1808,-1.04743,0.510753
1607,7k81_AC,-217.861,320.837,-271.678,4.70181,-0.93719,0.767771
1608,7kgo_AC,-219.4,311.826,-276.338,6.98847,-0.158269,0.889746
1611,7kgp_AC,-214.524,299.436,-271.651,4.11396,-0.246795,0.695829
1612,7kgq_AC,-218.886,307.754,-277.328,2.06357,-0.389726,0.72628
1615,7kgr_AC,-216.138,308.521,-271.852,2.54358,-0.176896,0.633286
1616,7kgs_AC,-216.993,309.578,-272.399,2.4216,-0.252032,1.00417
1619,7lfz_AC,-215.332,318.981,-264.4,5.82488,-0.426259,0.787394
1620,7lg0_AC,-217.68,323.654,-267.886,7.3636,-0.462819,0.811978
1623,7lg2_AC,-221.055,317.316,-278.162,7.06508,-0.450643,0.989321
1624,7lg3_AC,-223.388,316.044,-282.628,8.45449,-0.419882,0.717689
1627,7lgd_AF,-212.928,313.919,-265.152,10.8233,-0.498333,0.325982
1628,7lgt_AF,-217.576,320.414,-268.207,8.16157,-0.311574,0.454782
1631,7m8s_AC,-219.86,317.709,-275.201,2.65788,-0.558297,0.941818
1633,7m8t_AC,-212.241,310.136,-263.14,2.33417,-0.435519,0.432771
1634,7m8u_AC,-216.076,303.407,-271.99,3.43195,-0.111182,0.318183
1636,7mkb_AC,-215.913,304.468,-273.11,4.02447,-0.08093,0.730548
1639,7n1a_AC,-217.423,312.297,-274.373,9.50412,-0.10582,0.903587
1640,7n1b_AC,-212.96,303.65,-268.182,9.40842,-0.244486,0.693286
1642,7n1e_AC,-218.269,313.623,-274.449,9.86433,-0.194435,0.712368
1645,7n1f_AC,-217.015,311.347,-273.145,9.14079,-0.0385454,0.70009
1646,7n6d_AC,-219.439,316.362,-277.255,5.02418,-0.094695,0.716541
1649,7n6e_AC,-210.829,311.627,-265.377,7.70357,-0.0535242,0.941279
1650,7nui_AD,-213.313,316.865,-260.341,13.7261,-1.24119,0.300525
1653,7p3d_AC,-217.002,304.32,-273.787,4.05919,-0.0597223,0.696292
1654,7p3e_AC,-219.51,318.531,-275.632,5.17795,-0.0691458,0.710711
