,PDB_ID,Is_Answer,Total_energy,BackHbond,SideHbond,Energy_vdw,Electro,Energy_solvP,Energy_solvH,Energy_vdwclash,Entropy_sidec,Entropy_mainc,Water_bonds,UNK,Cis_bond,Energy_torsion,Backbone_vdwclash,Helix_dipole,Loop_entropy,Disulfide,Kn_electrostatic,Partial_covalent_interactions,Energy_ionisation,Entropy_complex
0,6q3s,0,172.096,-253.087,-108.631,-461.763,-17.7462,649.291,-580.914,52.5155,234.716,653.541,0,0,2.24811,19.1511,165.815,-0.772616,0,-17.1587,-0.373552,0,1.07891,0
1,5c07,0,78.4629,-295.123,-114.319,-488.145,-17.6242,668.874,-622.223,54.9571,241.38,632.303,0,0,5.18688,25.1515,177.199,-0.371995,0,-12.4502,-0.457604,0,1.32323,0
2,6g9q,0,65.7389,-283.925,-113.661,-473.036,-26.0025,666.128,-596.046,37.3384,228.042,622.256,0,0,2.24811,15.8956,162.76,0.0838901,0,-12.6937,-1.83199,0,0.943756,0
3,5isz,0,69.2064,-282.433,-111.94,-465.808,-20.0658,642.202,-592.233,41.1013,229.189,622.631,0,0,2.24811,16.0371,161.049,0.0518572,0,-12.8179,-0.655854,0,1.69977,0
4,2oi9,0,85.7434,-262.431,-107.015,-467.357,-15.5274,647.879,-590.979,43.1836,221.538,613.816,0,0,1.12406,14.0916,155.411,0.06418,0,-12.7315,-0.693936,0,0.782108,0
5,4qok,0,174.238,-285.457,-98.7982,-474.096,-17.3472,663.497,-600.264,83.4855,230.936,639.559,0,0,3.2325,42.7575,191.28,-0.931118,0,-12.6157,-0.714455,0,0.994814,0
6,5brz,0,164.957,-275.387,-99.0662,-469.98,-25.5245,663.983,-587.93,49.364,228.857,649.934,0,0,2.24811,40.7084,187.176,-0.364381,0,-12.2182,-0.958122,0,1.29129,0
7,5jhd,0,128.566,-267.573,-103.313,-479.166,-16.1095,661.592,-610.266,66.2165,229.133,634.227,0,0,2.3939,23.898,182.118,-0.0518354,0,-12.8954,-0.445041,0,0.923497,0
8,5bs0,0,113.396,-287.993,-114.118,-463.819,-28.1568,648.514,-579.809,45.4141,235.243,642.898,0,0,2.24811,25.0546,169.904,0.0532677,0,-12.0333,-1.16915,0,1.06757,0
9,1fo0,0,126.648,-290.651,-116.28,-485.098,-21.0823,673.927,-619.633,55.1843,241.088,656.754,0,0,1.12406,39.2723,212.521,0.208764,0,-8.4257,-0.0982069,0,0.35866,0
10,4prh,0,115.188,-275.667,-115.289,-466.586,-28.7295,656.278,-587.632,54.2172,235.579,635.593,0,0,2.71227,11.5531,153.195,0.223129,0,-6.14585,-1.80604,0,0.886924,0
11,6vqo,0,207.836,-253.33,-107.311,-475.379,-22.7313,669.68,-599.271,71.9054,237.903,664.858,0,0,2.24811,30.8473,204.382,-0.0209835,0,-12.4789,-0.944803,0,1.86122,0
12,3h9s,0,142.204,-266.557,-109.211,-469.18,-20.0787,659.921,-588.128,41.0902,230.589,640.534,0,0,2.24811,33.6483,158.339,-0.308921,0,-12.6479,-0.603165,0,0.889468,0
13,3kps,0,91.9576,-271.432,-122.498,-475.736,-27.6488,677.303,-598.277,40.1185,233.698,632.656,0,0,1.12406,15.3636,177.115,-0.0775449,0,-12.6365,-0.838753,0,0.839637,0
14,4prp,0,84.9557,-292.094,-127.281,-463.07,-23.1994,639.909,-585.902,44.8256,236.279,642.239,0,0,3.32652,16.2695,157.138,0.106235,0,-7.02477,-0.149803,0,0.722193,0
15,5hho,0,189.063,-238.118,-96.7642,-465.722,-20.2457,662.641,-589.301,63.6982,227.02,625.052,0,0,2.24811,18.454,177.342,-0.447263,0,0.0,-1.14388,0,1.69141,0
16,4pri,0,94.119,-281.33,-131.903,-479.689,-31.1914,674.359,-605.637,57.912,246.076,641.401,0,0,2.24811,15.7371,165.381,-0.264152,0,-12.6789,-1.89101,0,0.969865,0
17,2f54,0,188.848,-268.801,-106.899,-481.248,-16.8668,672.679,-608.709,76.01,235.016,661.95,0,0,2.24811,35.4484,210.789,0.0463129,0,-12.4841,-0.644532,0,1.10295,0
18,1g6r,0,541.591,-188.638,-96.9429,-463.428,-16.6167,664.285,-588.957,206.166,216.745,739.459,0,0,1.12406,69.2836,318.986,0.144927,0,-2.11116,0.315169,0,0.760755,0
19,3qdm,0,151.466,-262.72,-101.049,-456.239,-16.7625,641.244,-576.602,40.7524,225.866,637.475,0,0,2.24811,29.4246,161.981,-0.0335549,0,-12.5561,-0.720479,0,1.1381,0
20,4mji,0,301.81,-243.614,-101.78,-463.282,-18.7582,668.945,-579.74,104.66,216.566,664.024,0,0,1.12406,62.8705,234.326,-0.154743,0,-8.38663,-1.27762,0,0.613691,0
21,7jwi,0,137.533,-253.475,-94.6928,-462.394,-16.5413,655.022,-581.809,11.6714,233.381,647.802,0,0,2.24811,5.72462,149.454,-0.23263,0,-8.65487,-1.74726,0,1.2296,0
22,2gj6,0,105.586,-283.171,-112.844,-469.181,-19.6583,663.833,-588.497,26.7874,237.482,635.18,0,0,2.24811,25.0487,160.189,-0.176876,0,-12.2271,-0.479694,0,1.24135,0
23,6rsy,0,155.355,-269.244,-109.259,-478.048,-21.4121,667.026,-601.728,64.1863,234.968,642.213,0,0,1.12406,33.7068,176.192,-0.0203207,0,-8.59444,-0.903604,0,1.34004,0
24,3qdj,0,91.5457,-275.551,-104.305,-461.962,-15.232,639.926,-583.683,25.5903,222.833,634.402,0,0,2.24811,19.4053,153.923,-0.235497,0,-12.7484,-0.416227,0,1.27445,0
25,6d78,0,52.748,-292.706,-115.297,-482.04,-18.7154,670.557,-607.509,28.0149,239.324,625.099,0,0,2.24811,15.4312,176.557,-0.175257,0,-12.8597,0.0874165,0,1.28817,0
26,7n6e,0,189.298,-231.037,-84.5586,-466.536,-15.7708,661.397,-587.813,37.8818,224.192,636.388,0,0,2.24811,24.7954,182.707,-0.126417,0,-12.8332,-0.200797,0,1.27162,0
27,6avf,0,76.5451,-285.466,-129.61,-486.92,-32.2724,690.006,-609.64,40.7925,242.748,641.627,0,0,0.0,18.2598,184.784,0.121657,0,-12.7448,-1.36771,0,1.01075,0
28,2pye,0,122.211,-268.521,-109.824,-465.032,-20.682,648.535,-588.264,40.9824,233.905,644.582,0,0,2.24811,17.3438,165.783,-0.859081,0,-12.6657,-0.589048,0,1.05195,0
29,4ms8,0,76.0859,-271.16,-102.676,-449.985,-16.4123,612.836,-574.093,45.6471,215.028,611.349,0,0,1.12406,16.8885,164.972,-0.164799,0,-12.2687,-0.951186,0,0.925341,0
30,5d2n,0,81.247,-288.928,-125.804,-483.75,-28.6192,677.752,-609.538,51.0741,241.123,633.047,0,0,1.12406,24.6211,192.96,-0.115463,0,-11.8352,-0.29307,0,1.39017,0
31,3vxs,0,23.0916,-302.973,-131.347,-484.083,-25.5929,675.855,-609.404,24.5386,248.144,626.719,0,0,2.24811,12.2311,164.639,-0.0190535,0,-12.856,-1.30197,0,0.932992,0
32,5wkh,0,193.102,-260.1,-112.625,-465.402,-17.7027,663.779,-584.185,50.4533,229.607,670.189,0,0,2.83037,21.9073,169.595,0.371175,0,-6.30293,-1.09697,0,1.37983,0
33,3vxm,0,118.662,-280.764,-101.26,-485.511,-20.7495,663.769,-625.446,71.2866,238.413,645.3,0,0,2.25436,23.3954,172.12,-0.209649,0,-12.7887,-1.08974,0,2.06168,0
34,7n1f,0,60.9989,-299.414,-112.725,-477.095,-27.8928,667.233,-597.96,31.3187,242.566,625.464,0,0,1.12406,21.278,158.949,-0.0665279,0,-12.695,-1.11631,0,0.979653,0
35,5nmg,0,89.4964,-299.613,-121.745,-473.875,-20.9577,655.958,-595.312,50.7379,236.637,632.801,0,0,2.24811,26.7386,165.295,-0.634127,0,-3.98456,-0.505657,0,1.00359,0
36,6vmx,0,116.702,-258.509,-90.367,-466.745,-26.7828,653.131,-589.098,15.4844,236.76,640.328,0,0,2.24811,8.96068,149.246,0.186257,0,-8.67952,-1.10596,0,0.89028,0
37,5sws,0,168.162,-235.942,-77.5375,-442.646,-16.7002,621.802,-563.529,15.2681,217.144,637.102,0,0,4.65514,13.5368,145.182,-0.0255187,0,-4.35147,-1.3755,0,0.761634,0
38,3pwp,0,146.36,-270.199,-112.502,-467.143,-17.4136,660.973,-583.282,35.1106,232.196,640.069,0,0,2.24811,38.2977,165.487,-0.301162,0,-12.7247,-0.136507,0,1.16647,0
39,5m00,0,18.4671,-299.375,-126.232,-473.252,-21.6546,657.049,-597.42,23.3501,229.535,625.695,0,0,2.24811,11.8396,157.231,0.134477,0,-12.1512,-2.22287,0,0.922806,0
40,2jcc,0,113.792,-256.948,-82.1777,-457.517,-11.2048,630.806,-583.184,39.4804,212.453,621.425,0,0,1.12873,11.8935,164.01,-0.173457,0,-12.6865,-0.86325,0,1.35942,0
41,2vlj,0,159.438,-252.904,-96.3428,-452.995,-16.0569,639.323,-572.428,39.2704,221.859,633.663,0,0,2.38975,24.9682,162.451,-0.123111,0,-12.0598,-0.603703,0,1.47738,0
42,6avg,0,110.093,-283.365,-127.038,-473.479,-22.1621,673.578,-591.066,57.2448,232.802,629.93,0,0,1.12406,25.4855,172.535,-0.0776492,0,-12.9263,-1.14565,0,1.18855,0
43,4jrx,0,70.6088,-282.311,-112.165,-479.046,-17.1229,658.916,-602.419,27.5648,236.932,638.9,0,0,1.12406,9.80656,161.942,0.0494723,0,-9.14006,-0.913934,0,0.433572,0
44,4n0c,0,216.115,-225.95,-97.8665,-446.682,-23.6638,635.984,-559.382,63.767,221.238,633.439,0,0,1.19859,26.9436,171.671,-0.0643123,0,-12.8627,-0.888988,0,0.904106,0
45,4l3e,0,154.777,-283.019,-115.346,-476.146,-16.8861,664.198,-602.328,73.5026,233.086,651.176,0,0,2.24811,37.1308,172.229,-0.0735463,0,-12.9133,-1.09886,0,1.2461,0
46,3tpu,0,217.524,-257.561,-91.2591,-461.387,-16.8228,632.692,-587.163,105.566,213.665,640.747,0,0,1.12406,49.1236,189.442,0.104673,0,-11.5495,-0.703488,0,0.947586,0
47,5ivx,0,43.0474,-287.0,-123.195,-483.416,-27.82,671.655,-613.685,26.6035,237.652,637.074,0,0,2.24811,12.8106,168.754,-0.0976487,0,-8.64733,-1.74658,0,0.611634,0
48,4jry,0,66.7786,-292.177,-124.658,-491.622,-28.701,680.219,-621.078,38.7623,243.334,643.963,0,0,3.24658,25.1635,169.856,0.272002,0,-9.89859,-0.943755,0,0.89645,0
49,7jwj,0,183.083,-244.167,-100.933,-446.307,-15.2999,649.302,-558.205,19.5061,229.061,648.936,0,0,2.24811,7.1821,150.346,0.146345,0,-8.59622,-0.733386,0,0.944212,0
50,1oga,0,76.6053,-292.323,-119.708,-473.856,-14.061,659.008,-599.287,46.6849,232.475,629.433,0,0,2.24811,18.7703,164.368,-0.643328,0,-12.5475,-0.567066,0,0.978934,0
51,3mv7,0,98.9985,-302.564,-136.916,-484.66,-26.1058,681.193,-608.895,75.3852,250.595,638.956,0,0,3.34418,22.1445,170.487,-0.424582,0,-12.56,-1.17993,0,0.685606,0
52,3tjh,0,100.969,-283.556,-114.552,-477.343,-17.3452,659.365,-603.505,59.4265,231.587,630.129,0,0,1.12406,28.4647,164.915,-0.125432,0,-12.9781,-0.391749,0,0.669779,0
53,5euo,0,127.469,-276.859,-103.958,-475.973,-17.2164,667.698,-603.735,51.3758,229.578,640.087,0,0,2.24811,27.0456,175.894,-0.266611,0,-12.8886,-0.653055,0,0.987134,0
54,5yxu,0,224.463,-270.145,-117.407,-490.33,-25.7798,691.163,-619.909,92.5327,247.178,686.514,0,0,3.37956,35.1919,192.431,0.151676,0,-8.61323,-1.18734,0,1.72264,0
55,3sjv,0,409.585,-216.469,-95.9882,-457.433,-21.1194,666.035,-569.943,125.716,218.866,716.58,0,0,1.70147,50.0092,241.81,0.312553,0,-8.63011,-0.589158,0,0.536404,0
56,3ffc,0,166.235,-277.117,-110.632,-488.628,-20.8362,691.795,-614.126,56.3447,235.174,680.254,0,0,2.94442,24.1797,203.973,-0.374721,0,-12.783,-0.924351,0,0.965195,0
57,1ao7,0,167.998,-262.441,-96.2371,-468.316,-18.2948,663.095,-589.068,52.2642,228.546,640.195,0,0,1.12406,29.4383,181.441,-0.107073,0,-12.8166,-0.602721,0,1.21917,0
58,5hyj,0,203.843,-264.069,-95.516,-485.025,-20.4977,670.044,-619.255,77.6148,240.221,671.452,0,0,5.2645,36.1684,189.168,-0.123026,0,-12.5977,-0.963089,0,1.12539,0
59,6vrm,0,190.796,-271.139,-118.037,-475.582,-24.5909,670.145,-596.076,68.3216,235.775,670.939,0,0,2.24811,39.7989,194.429,-0.157342,0,-12.0904,-0.559021,0,1.80138,0
60,5men,0,201.644,-262.917,-97.2776,-476.767,-17.8299,675.843,-599.035,67.2823,227.714,654.842,0,0,2.24811,35.2594,182.592,-0.289446,0,-8.33256,-0.645892,0,1.55003,0
61,5nqk,0,258.349,-216.787,-85.8644,-456.641,-19.1233,650.691,-578.239,63.7255,219.051,674.974,0,0,2.24811,16.942,183.467,-0.409534,0,-13.0113,-0.368301,0,1.16054,0
62,3d39,0,145.577,-260.351,-100.558,-464.289,-19.2871,657.175,-583.506,34.1783,226.314,638.29,0,0,2.25658,28.0968,163.271,-0.692971,0,-12.6732,-0.541601,0,1.1662,0
63,1lp9,0,120.066,-278.192,-97.5256,-483.238,-15.168,660.128,-617.032,79.7751,227.267,636.106,0,0,1.12406,18.3276,175.564,-0.134985,0,-12.2324,-0.861111,0,1.72251,0
64,6bj2,0,260.366,-208.665,-101.128,-461.035,-19.654,671.412,-577.625,60.8468,230.445,653.515,0,0,1.12406,24.7575,172.981,-0.34524,0,-12.9387,-1.18379,0,0.840457,0
65,5nmf,0,127.83,-280.748,-108.215,-469.992,-16.3714,662.917,-588.039,37.6021,229.445,640.158,0,0,2.24811,26.1368,165.55,0.255147,0,-8.23905,-0.36381,0,1.03718,0
66,4g9f,0,45.2276,-300.13,-129.705,-484.839,-23.2133,684.871,-609.61,28.3091,247.711,633.792,0,0,1.12406,9.42406,167.269,0.262986,0,-12.9038,-1.33206,0,1.46637,0
67,3uts,0,197.088,-263.845,-98.2523,-465.561,-16.5678,646.324,-593.721,93.7186,225.174,639.298,0,0,5.0024,34.0692,194.398,-0.305084,0,-8.57092,-0.767732,0,1.0935,0
68,3o4l,0,207.201,-274.281,-92.2015,-470.534,-22.5908,673.497,-592.122,85.6446,230.496,641.048,0,0,1.12406,39.3734,187.726,-0.236602,0,-12.8091,-0.450238,0,1.24161,0
69,5tez,0,77.2221,-292.749,-112.995,-496.673,-21.8794,684.673,-630.429,38.8767,246.733,637.885,0,0,2.24811,33.7554,170.654,-0.00616247,0,-12.7162,-0.580882,0,1.08111,0
70,5c08,0,140.517,-283.71,-108.988,-485.33,-23.9109,668.35,-615.218,70.5698,237.388,641.404,0,0,4.77365,47.0086,189.526,0.0069301,0,-12.219,-0.900612,0,1.29055,0
71,5c0a,0,85.3558,-292.315,-118.335,-480.141,-21.7532,657.342,-611.43,65.809,241.927,624.036,0,0,5.0012,26.8649,171.161,-0.488052,0,-11.8035,-0.269984,0,0.91142,0
72,5e6i,0,448.058,-164.682,-69.9818,-425.087,-10.3215,623.146,-536.252,101.523,206.766,674.81,0,0,3.40523,53.2008,182.613,-0.235614,0,-8.54118,-0.825184,0,1.13516,0
73,4ftv,0,130.87,-265.718,-101.421,-469.249,-19.9164,656.312,-590.926,49.1491,226.081,636.233,0,0,2.24811,20.3814,162.131,0.022836,0,-12.7859,-0.536836,0,0.995615,0
74,6rp9,0,108.971,-264.539,-102.381,-448.009,-13.5786,625.318,-563.033,22.987,227.305,623.386,0,0,2.24811,6.86734,147.542,-0.157397,0,-8.6619,-0.0770312,0,1.29916,0
75,6rpb,0,52.6139,-283.064,-120.344,-463.352,-19.3491,646.091,-582.978,27.034,234.198,617.086,0,0,2.24811,7.00713,153.147,-0.034972,0,-12.8798,-0.348514,0,1.29957,0
76,5m01,0,29.7484,-293.305,-121.006,-476.04,-23.96,664.432,-601.175,27.3204,232.433,625.137,0,0,2.24811,6.69001,162.814,-0.0471076,0,-11.9505,-1.95371,0,0.924466,0
77,3vxr,0,57.4383,-299.818,-129.598,-482.459,-28.8354,674.088,-607.065,54.4636,245.082,627.429,0,0,2.24811,15.2463,171.869,-0.466473,0,-12.7667,-0.800011,0,0.689625,0
78,5c0b,0,78.7756,-307.806,-121.958,-483.617,-17.5025,660.313,-613.597,63.4042,245.278,626.918,0,0,5.217,34.2846,168.636,-0.995415,0,-11.8824,-0.408568,0,1.12782,0
79,1kj2,0,217.088,-252.484,-110.425,-480.645,-25.9564,676.627,-615.022,83.823,233.967,668.759,0,0,2.24811,50.9025,210.773,-0.343278,0,-12.9738,-1.69882,0,0.310585,0
80,3utt,0,274.968,-257.813,-99.5913,-512.357,-20.4468,714.788,-654.377,139.846,241.64,675.713,0,0,5.16706,50.7135,257.192,-0.29145,0,-8.43275,-0.561602,0,0.972276,0
81,6amu,0,51.3151,-292.596,-117.698,-477.398,-18.1191,660.945,-601.395,33.3767,238.264,625.154,0,0,2.24811,10.3974,165.976,-0.287608,0,-12.8697,-0.48195,0,1.77594,0
82,5wkf,0,161.46,-265.43,-105.261,-463.066,-16.667,650.288,-583.373,52.3174,222.657,651.515,0,0,5.92062,21.4548,163.908,0.141786,0,-8.64283,-1.04167,0,0.646406,0
83,4mxq,0,95.3287,-256.036,-107.777,-461.772,-20.012,643.244,-585.421,34.1876,225.962,615.737,0,0,1.12406,19.084,162.32,0.273085,0,-12.8495,-1.16256,0,0.747333,0
84,2ak4,0,103.617,-284.678,-112.659,-480.749,-21.0659,670.508,-602.53,40.6513,241.891,642.451,0,0,1.93858,20.7258,160.223,0.207987,0,-12.8583,-0.695478,0,0.478594,0
85,4n5e,0,90.12,-273.905,-108.513,-465.036,-18.1863,641.827,-591.088,46.2314,222.17,632.132,0,0,1.12406,16.789,158.169,-0.446502,0,-12.8931,-0.733691,0,0.648966,0
86,2j8u,0,113.895,-236.343,-86.8245,-451.709,-14.0595,625.692,-575.312,26.4755,211.112,617.561,0,0,1.12889,8.58004,150.307,0.0278745,0,-12.7832,-0.938378,0,1.28715,0
87,3dxa,0,326.413,-227.199,-98.057,-466.311,-30.0654,674.087,-582.549,68.5205,231.034,702.686,0,0,6.45854,60.9834,193.992,-0.0869313,0,-12.9313,-0.931481,0,0.774521,0
88,2f53,0,64.696,-296.637,-113.647,-488.011,-19.0889,668.349,-620.913,41.0313,242.95,634.817,0,0,2.24811,25.1994,168.465,0.112849,0,-12.4004,-0.53777,0,1.22351,0
89,4g8g,0,111.462,-293.437,-131.076,-512.402,-20.8084,727.117,-645.709,69.8115,252.499,645.401,0,0,1.12406,32.4212,224.225,0.115071,0,-12.8908,-1.55994,0,0.854609,0
90,5tje,0,196.996,-247.93,-101.084,-456.568,-23.564,647.232,-574.619,57.8339,217.815,656.306,0,0,2.44125,33.1739,199.614,-0.163647,0,-12.7507,-2.02079,0,0.8936,0
91,2e7l,0,71.8339,-271.093,-116.839,-470.718,-24.516,644.328,-596.015,48.5942,228.575,622.369,0,0,1.12406,18.2336,167.215,0.144639,0,-12.4875,-0.508322,0,0.641311,0
92,7n1e,0,108.583,-287.905,-105.06,-486.719,-16.3708,676.748,-619.205,51.7155,235.606,645.098,0,0,2.24811,24.0698,179.047,-0.42979,0,-12.7503,0.440615,0,1.09685,0
93,6eqa,0,197.436,-269.671,-96.1108,-461.75,-16.6643,648.633,-583.452,57.8022,224.17,649.691,0,0,1.12406,51.9727,210.906,-0.214916,0,-8.5928,-0.50206,0,1.001,0
94,2vlk,0,150.9,-272.464,-98.8686,-454.252,-15.8823,633.362,-573.68,42.8435,225.799,647.061,0,0,2.24811,26.5335,166.032,-0.22878,0,-12.1161,-0.42914,0,0.974872,0
95,3mv8,0,45.1101,-292.595,-119.225,-470.927,-27.9113,656.618,-597.081,35.1694,229.242,629.747,0,0,2.26269,13.5272,163.153,-0.557284,0,-12.7408,-1.89339,0,1.47581,0
96,6uon,0,259.009,-244.978,-82.9468,-426.078,-18.3085,626.936,-526.125,70.6878,203.182,630.586,0,0,0.0,40.0891,173.287,-0.151857,0,-12.8781,-1.42383,0,0.418589,0
97,5e9d,0,124.148,-272.479,-91.0771,-460.402,-17.7162,643.194,-584.58,58.0362,220.257,623.988,0,0,2.24811,15.647,170.079,-0.767335,0,-12.9045,-0.529211,0,1.23365,0
98,2p5e,0,49.9338,-305.379,-122.408,-503.53,-21.6062,693.811,-638.916,46.6917,252.044,640.856,0,0,2.24811,18.8236,182.077,-0.760856,0,-12.4448,-0.625336,0,1.12918,0
99,6dkp,0,95.9672,-286.655,-129.359,-474.639,-17.9718,663.402,-599.577,49.5375,242.128,644.259,0,0,2.24811,15.0738,172.389,-0.357824,0,-12.8954,-0.681221,0,1.45533,0
100,3qfj,0,119.429,-271.833,-111.193,-481.22,-19.5206,675.281,-605.972,39.7598,238.35,638.099,0,0,2.24811,27.4416,169.712,-0.151177,0,-12.456,-0.481014,0,1.07674,0
101,2ckb,0,575.249,-208.892,-82.3829,-461.547,-15.6265,667.182,-584.683,220.858,211.146,757.829,0,0,1.12406,68.7084,310.946,-0.0550065,0,0.0,0.513661,0,1.07458,0
102,1mwa,0,192.764,-255.976,-115.273,-474.037,-20.853,665.379,-599.794,83.0657,229.062,647.414,0,0,1.12406,44.7366,204.1,-0.224406,0,-12.8095,-0.00532337,0,0.953789,0
103,3qeq,0,111.585,-268.76,-95.0472,-460.069,-17.7202,641.919,-581.306,39.4438,227.202,618.738,0,0,2.24811,17.3851,155.402,-0.133482,0,-12.5711,-0.890375,0,1.14691,0
104,5c0c,0,54.1619,-300.38,-119.026,-486.179,-20.76,670.268,-617.355,39.8406,242.569,625.597,0,0,5.17959,26.4257,173.156,-0.268916,0,-12.0308,-0.628706,0,0.910308,0
105,6rpa,0,88.6072,-258.973,-89.6022,-470.389,-14.0624,651.234,-603.202,22.0392,225.672,629.268,0,0,1.12406,8.33122,151.713,-0.451022,0,-12.9533,-0.31796,0,0.890284,0
106,6tro,0,126.716,-269.677,-122.714,-477.417,-25.3496,679.666,-597.937,52.4937,240.202,642.69,0,0,2.24811,15.8966,169.768,-0.717132,0,-12.7855,-1.36101,0,1.47863,0
107,2ypl,0,95.0773,-275.823,-103.107,-466.083,-13.1916,642.535,-595.128,38.3813,223.132,640.848,0,0,1.12406,15.2062,172.108,-0.0270312,0,-12.7474,-0.59228,0,0.54874,0
108,2p5w,0,85.274,-288.457,-110.257,-483.879,-21.4422,667.204,-614.49,43.3799,239.258,643.527,0,0,2.24811,19.0611,168.873,0.0767639,0,-12.1462,-0.455075,0,1.64662,0
109,2ol3,0,213.223,-260.112,-116.721,-480.334,-21.4508,678.538,-609.151,74.9122,242.628,664.828,0,0,1.12406,47.4488,205.662,-0.0170156,0,-8.60318,-0.425624,0,0.558701,0
110,2vlr,0,166.509,-240.097,-104.932,-413.097,-14.8698,589.783,-519.437,30.0795,216.733,619.002,0,0,2.24811,13.4241,138.837,-0.31645,0,-12.2751,-0.591998,0,0.854645,0
111,5nht,0,184.666,-247.811,-100.439,-471.864,-19.2968,664.013,-596.923,50.6393,228.433,666.184,0,0,2.24811,21.5387,179.349,-0.176016,0,-12.8819,-0.141217,0,1.14418,0
112,1mi5,0,256.809,-249.11,-104.285,-466.398,-19.2894,672.229,-583.567,102.88,223.783,666.458,0,0,1.12406,25.9913,202.102,-0.0932328,0,-12.9623,-1.42695,0,1.47678,0
113,3rgv,0,293.605,-252.572,-105.411,-462.204,-19.1521,656.307,-581.224,103.003,222.872,663.262,0,0,1.3515,72.112,198.159,0.0131092,0,-4.3409,-1.0796,0,0.66776,0
114,5wlg,0,69.2735,-276.445,-125.507,-468.193,-20.1611,659.722,-591.249,39.003,235.325,620.356,0,0,1.12406,8.991,152.593,-0.225683,0,-12.8435,-1.55426,0,0.930917,0
115,3kxf,0,180.426,-250.578,-102.7,-464.063,-14.2258,658.032,-580.843,37.5048,234.142,657.458,0,0,1.12406,18.1286,173.589,0.0782034,0,-12.9242,-1.10335,0,0.395202,0
116,3tfk,0,189.794,-236.202,-97.1907,-454.312,-23.7189,648.118,-570.585,51.2297,217.02,634.597,0,0,1.12406,28.3664,180.332,-0.38833,0,-8.57971,-0.661115,0,0.976536,0
117,4nhu,0,157.089,-230.981,-98.7758,-455.071,-20.1887,634.372,-578.587,51.5847,217.343,630.774,0,0,1.12406,13.918,165.737,0.00591025,0,-8.64718,-0.69902,0,0.916371,0
118,3tf7,0,7462.36,-329.365,-142.203,-709.73,18.6206,1056.72,-896.82,7219.27,325.765,845.964,0,0,0.0,80.0617,14470.6,-0.201098,0,-8.75454,1.42837,0,1.60345,0
119,3d3v,0,187.813,-253.007,-101.455,-467.1,-16.6381,658.618,-589.319,32.7514,226.997,667.216,0,0,2.26134,40.3598,161.564,-0.658331,0,-12.5311,-0.734638,0,1.05088,0
120,2bnr,0,85.7384,-296.0,-124.898,-484.048,-20.8342,674.114,-611.619,57.3846,243.58,630.908,0,0,2.24811,27.1516,179.334,-0.141831,0,-12.8865,-0.587283,0,1.36778,0
121,3gsn,0,283.06,-233.12,-89.2676,-472.477,-14.6127,670.338,-596.226,80.4145,220.391,683.008,0,0,3.74377,42.5498,214.196,-0.0720067,0,-12.8178,-0.257394,0,1.46596,0
122,3e3q,0,171.696,-254.545,-100.724,-471.915,-17.5008,654.644,-600.012,77.5235,225.323,634.102,0,0,2.24811,34.9517,187.686,-0.0156131,0,-12.6807,-0.225843,0,0.522715,0
123,5m02,0,21.9039,-291.551,-126.874,-477.381,-24.8417,661.405,-605.025,32.3777,236.529,617.577,0,0,2.24811,10.6946,159.118,-0.0756382,0,-12.0719,-2.01536,0,0.908716,0
124,5eu6,0,52.6655,-312.063,-112.136,-475.98,-23.7601,670.256,-601.595,37.7924,231.479,634.232,0,0,2.24811,13.9739,160.638,-0.245403,0,-11.5811,-0.986954,0,1.03157,0
125,6am5,0,85.3456,-280.996,-105.571,-474.582,-16.2118,656.511,-601.609,37.7264,231.448,634.406,0,0,2.24811,13.8799,167.979,-0.185483,0,-12.8963,-0.0633719,0,1.24143,0
126,5d2l,0,401.482,-193.129,-70.6755,-448.107,-15.1039,647.332,-567.575,112.549,210.617,669.318,0,0,2.26281,61.669,218.372,0.0146603,0,-8.56701,-0.375787,0,1.25411,0
127,3e2h,0,323.092,-214.57,-93.4791,-468.537,-17.2837,664.958,-592.566,114.136,220.357,678.165,0,0,1.12406,43.0981,210.888,0.0608976,0,-12.9217,-0.175798,0,0.726861,0
128,6mtm,0,231.162,-234.802,-97.5754,-461.542,-16.8721,670.653,-574.564,26.7503,230.28,660.327,0,0,3.9097,24.5693,154.87,-0.0888822,0,0.0,-0.589614,0,0.706695,0
129,3kpr,0,84.4884,-268.58,-118.68,-469.696,-28.8706,669.098,-592.398,36.991,229.152,626.421,0,0,1.1385,12.5804,164.508,0.041566,0,-12.9259,-1.02836,0,1.24545,0
130,5c09,0,95.156,-291.152,-113.267,-476.62,-18.7484,652.175,-607.529,62.2988,235.551,632.376,0,0,4.14044,28.0022,177.696,-0.45184,0,-12.4,-0.537765,0,1.3201,0
131,3qdg,0,132.335,-261.719,-102.651,-463.148,-16.1765,650.866,-586.22,39.364,222.338,639.396,0,0,2.24811,20.2425,158.557,-0.397755,0,-12.9772,-0.692678,0,1.86263,0
132,5yxn,0,71.212,-298.406,-134.738,-500.918,-22.2193,701.272,-632.273,51.8173,252.169,644.386,0,0,1.39512,21.9019,167.586,-0.363695,0,-12.7909,-1.55867,0,1.53947,0
133,1bd2,0,168.863,-265.981,-87.1144,-484.631,-23.2236,666.126,-619.686,86.6625,228.501,651.699,0,0,2.24811,26.4193,193.46,0.00144788,0,-12.839,-0.892823,0,1.5731,0
134,2bnq,0,87.2818,-300.653,-122.89,-484.367,-24.5114,670.712,-613.887,66.4609,242.196,630.487,0,0,2.24811,33.7936,173.437,-0.196574,0,-12.8891,-0.589097,0,1.3672,0
135,4mvb,0,173.944,-243.552,-82.755,-441.871,-11.2398,624.977,-558.656,51.1772,205.758,621.139,0,0,1.12406,15.838,160.248,-0.00375893,0,-8.49072,-0.394894,0,0.893339,0
136,3mv9,0,344.98,-243.912,-112.758,-480.557,-25.1387,682.108,-606.668,128.839,234.717,703.026,0,0,2.30153,71.6692,224.271,-0.252048,0,-8.38998,-0.669619,0,0.665326,0
137,2uwe,0,88.7995,-262.158,-98.4617,-470.18,-14.2358,641.316,-601.407,54.4784,224.314,618.204,0,0,1.12406,8.19166,161.888,-0.0265075,0,-12.8353,-0.972734,0,1.44831,0
138,4mnq,0,259.592,-250.579,-87.3584,-473.776,-10.6295,667.37,-597.841,86.298,214.25,675.578,0,0,2.24811,41.8905,214.431,-0.347284,0,-8.58265,-0.308683,0,1.37945,0
139,1nam,0,189.982,-273.692,-132.529,-477.619,-19.5761,667.522,-607.346,73.0923,243.955,672.545,0,0,1.12406,51.0803,203.265,-0.191613,0,-8.49955,-0.199614,0,0.315716,0
140,5hhm,0,95.8479,-270.91,-102.3,-462.646,-16.156,647.75,-584.135,31.7881,229.578,619.593,0,0,2.24811,9.20494,157.671,-0.151491,0,-8.56655,-0.462665,0,1.0146,0
141,5nme,0,158.337,-272.024,-103.682,-462.844,-20.3404,650.659,-579.259,51.3375,230.429,641.797,0,0,2.24811,27.791,166.379,-0.00533039,0,-8.07836,-0.666167,0,0.973221,0
142,5jzi,0,148.301,-271.395,-133.255,-487.211,-20.4649,687.347,-613.762,68.0186,253.483,661.425,0,0,1.12406,15.127,197.614,-0.409471,0,-12.5979,-1.35175,0,2.223,0
143,1qse,0,251.728,-263.188,-101.606,-477.48,-28.5474,670.053,-601.273,116.706,230.034,672.093,0,0,1.12406,46.8088,229.651,-0.0575221,0,-12.8354,-1.13637,0,1.03281,0
144,1qsf,0,289.818,-248.237,-91.3165,-471.023,-20.8697,669.601,-593.125,112.683,225.751,666.264,0,0,1.12406,51.6012,219.253,0.0352331,0,-12.8516,-0.847618,0,1.0281,0
145,4qrp,0,208.911,-243.681,-90.9262,-450.601,-15.1449,655.848,-567.273,21.8,215.814,660.692,0,0,6.42777,15.6498,154.279,-0.232957,0,0.0,-0.184445,0,0.723543,0
146,4eup,0,161.941,-270.678,-109.09,-464.7,-19.3018,654.31,-587.499,65.0844,229.37,648.991,0,0,1.12406,26.5668,176.165,-0.340099,0,-12.5116,-0.50798,0,1.124,0
147,6vrn,0,100.999,-279.766,-120.04,-485.195,-22.1189,673.96,-612.646,44.536,242.836,644.559,0,0,1.22866,24.0919,182.177,0.0571185,0,-12.0655,-0.840199,0,2.40037,0
148,5til,0,130.916,-266.906,-105.153,-465.989,-23.71,654.057,-586.593,43.2955,229.186,646.871,0,0,2.37283,17.4889,170.054,-0.126401,0,-12.8223,-1.97494,0,0.919276,0
149,6l9l,0,80.5342,-284.722,-111.467,-461.426,-19.6669,640.542,-579.471,52.6071,223.395,617.362,0,0,1.12406,14.5415,158.496,-0.0116493,0,-12.8586,-0.832887,0,1.41837,0
150,3pqy,0,300.414,-229.585,-98.9789,-464.183,-27.3897,658.748,-587.942,79.5776,234.801,704.582,0,0,0.0,34.5176,220.874,-0.0878186,0,-4.33501,-1.00048,0,1.6897,0
151,1qrn,0,177.233,-276.029,-99.8792,-479.345,-21.9094,670.019,-604.971,88.2286,229.979,644.611,0,0,1.12406,38.2242,201.434,0.0598619,0,-12.8195,-1.11686,0,1.05734,0
152,3hg1,0,350.528,-259.671,-99.8087,-491.887,-19.0112,694.365,-626.428,163.966,236.597,690.343,0,0,2.24811,67.6894,261.609,0.208486,0,-8.59334,-0.425998,0,0.93733,0
