,Pdb,Van der Waals,Electrostatics,Solvation Polar,Solvation Hydrophobic,Van der Waals clashes,torsional clash,electrostatic kon,energy Ionisation
0,1a1m,-20.3728,-5.42403,26.5916,-27.9553,16.4672,1.17124,-0.451647,0.0
1,1a1n,-16.8362,-4.3498,21.1718,-23.9992,5.23556,0.219369,-0.10869,0.0
2,1a1o,-17.8561,-1.64789,22.5499,-24.6596,5.24825,0.174451,-0.287483,0.0
3,1a9b,-17.1724,-0.908216,22.7535,-24.4976,8.3822,0.4555,-0.384458,0.0
4,1a9e,-17.5575,-1.45226,24.5306,-24.8944,2.44319,0.220366,-0.202175,0.0
5,1agb,-19.273,-5.14854,31.2913,-24.492,17.4318,0.764869,-1.3744,0.0
6,1agc,-17.8701,-3.08269,28.8536,-24.1638,13.3157,0.0874206,-0.855862,0.0
7,1agd,-17.2645,-1.87221,25.8422,-23.3135,16.8616,0.341845,-0.502553,0.0
8,1age,-19.6784,-6.38902,29.2936,-26.168,20.7217,0.112738,-1.21712,0.0
9,1agf,-17.2787,-4.22601,28.0121,-21.5251,12.9173,0.876909,-1.23619,0.0
10,1akj,-18.7235,-1.95953,29.2587,-25.7302,17.6576,0.353109,-0.588672,0.10672
11,1ao7,-20.1171,-6.08691,27.2032,-28.2867,19.8458,0.365813,-0.0997229,0.0578735
12,1b0g,-17.3516,-3.12139,21.8895,-25.3616,16.1881,0.606319,-0.184777,0.0640329
13,1bd2,-19.5938,-2.64386,25.1609,-28.9003,13.6496,0.472059,-0.249293,0.0635375
14,1bii,-16.4745,-2.08578,26.4972,-19.9588,7.83382,0.547558,-0.619746,0.0
15,1bqh,-14.0222,-1.81556,23.5929,-17.4645,3.14747,0.171018,-0.0554302,0.0
16,1bz9,-19.397,-2.46664,23.8035,-26.6358,16.7626,0.223205,-0.522736,0.0
17,1ce6,-18.5101,-3.48567,24.4037,-25.6243,15.3986,0.0924202,-0.525568,0.0
18,1cg9,-17.8029,-0.662277,22.8583,-25.2834,5.12584,0.210323,-0.270766,0.0
19,1ddh,-18.7943,-4.27459,27.972,-23.349,6.8382,0.221754,-0.883026,0.0
20,1duy,-14.771,-3.05947,18.782,-21.5511,2.30041,0.0477552,-0.101363,0.0371628
21,1duz,-16.5072,-1.56763,21.5683,-24.1937,4.15541,0.733147,-0.222599,0.0673268
22,1e27,-18.6748,-2.11762,25.6281,-26.6402,3.88431,0.525247,-0.114456,0.00594419
23,1e28,-15.8966,-0.529174,21.5968,-21.8394,4.00741,0.921092,-0.145568,0.00529222
24,1eey,-15.3376,-1.30538,21.9764,-21.5383,0.879534,0.33153,-0.217475,0.0857256
25,1eez,-15.1341,-1.45923,19.4966,-22.2828,1.78605,0.428707,-0.219316,0.0535182
26,1efx,-16.6275,-2.28667,26.2058,-22.645,9.34958,0.241861,-0.402847,0.0
27,1ffn,-22.4526,-0.35935,31.0876,-30.2946,12.9933,0.176563,-0.639223,0.0
28,1ffo,-20.9299,-3.50403,28.5843,-27.879,3.91391,0.333328,-0.528551,0.0
29,1ffp,-20.1189,-2.28754,30.2302,-25.6953,4.36114,0.235651,-0.460146,0.0
30,1fg2,-20.7579,-2.10057,29.628,-27.453,15.2104,0.210189,-0.393624,0.0
31,1fo0,-19.1201,-2.77837,29.9681,-24.636,10.1107,0.459882,-0.0277527,0.0
32,1g6r,-17.5786,-3.22255,28.3407,-20.7912,7.35432,0.461136,-0.4675,0.0
33,1g7p,-15.2355,-2.70189,27.2368,-17.4574,2.50359,0.215423,-0.0979637,0.0857748
34,1g7q,-14.9077,-2.64145,26.8594,-16.8811,7.55072,0.173847,-0.402536,0.0
35,1hhg,-15.2934,-2.68707,26.3268,-18.9755,3.65123,0.13499,-0.180826,0.0619522
36,1hhh,-17.3288,-1.50071,23.9015,-24.441,3.44349,0.134501,-0.333407,0.11447
37,1hhi,-16.1101,0.314896,21.6599,-23.0176,3.70173,0.757686,-0.115754,0.0801152
38,1hhj,-18.9306,-3.49757,29.6553,-26.3707,6.55678,0.646284,-0.117231,0.136511
39,1hhk,-16.7421,-2.41169,22.0037,-23.7252,2.9159,0.232668,-0.215374,0.0563796
40,1hoc,-20.7879,-3.29371,30.581,-26.7931,4.36226,0.386075,-0.861099,0.0
41,1hsa,-11.3649,-1.50513,20.2597,-13.9713,1.73432,0.201218,-0.539437,0.0
42,1i1f,-17.1785,-3.28904,28.9697,-22.4803,8.74876,0.203162,-0.0732983,0.18004
43,1i1y,-14.9331,-1.82292,21.7824,-20.9959,2.20052,0.671165,-0.121845,0.104888
44,1i4f,-17.9127,-3.34015,30.8732,-23.0988,9.275,0.0877184,0.056679,0.168778
45,1i7r,-17.2842,-1.68057,23.1529,-24.7659,5.45814,0.149158,-0.0796002,0.10868
46,1i7t,-18.3584,-1.27619,23.5795,-26.5969,7.93427,0.659876,-0.244118,0.0858559
47,1i7u,-15.5049,-0.913902,20.5832,-22.5696,1.38531,0.114383,-0.162047,0.0796239
48,1im3,-16.5362,-1.5863,24.5571,-22.2634,5.08617,0.39473,-0.14418,0.0324587
49,1im9,-18.6993,-5.87914,30.3594,-24.4281,1.61697,0.390086,-0.774866,0.0
50,1inq,-19.868,-1.63683,29.3288,-26.1042,9.07539,0.336666,-0.373038,0.083219
51,1jf1,-17.589,-1.70763,25.9198,-24.5462,14.1073,0.100011,-0.294117,0.0462788
52,1jgd,-19.8956,-8.90735,29.6443,-26.19,4.85999,0.269211,-1.50703,0.533504
53,1jge,-12.9413,-1.34283,19.3828,-17.5002,4.39361,0.218313,-0.736371,0.0137063
54,1jht,-19.0558,-1.668,24.4624,-28.4356,10.2425,0.807739,-0.167152,0.115533
55,1jpf,-17.2558,-2.11805,26.9687,-21.5882,2.29445,1.90825,-0.537484,0.0
56,1jpg,-21.5857,-3.14889,29.7927,-27.7106,9.67943,0.44663,-0.420655,0.0
57,1juf,-18.5358,-1.64321,26.311,-24.8051,7.05541,0.142621,-0.50471,0.0676331
58,1k5n,-17.08,-6.34703,27.0869,-21.796,7.55088,0.266371,-1.04684,0.0420385
59,1kj2,-19.0708,-3.39303,31.7073,-25.1324,1.51335,0.961054,0.142195,0.0
60,1kj3,-18.3987,-1.83236,29.562,-24.0937,5.45569,0.524906,-0.0770855,0.0
61,1kpr,-19.1184,-2.92545,25.9602,-26.688,7.59773,0.382876,-0.637802,0.106381
62,1kpu,-19.6968,-4.40196,32.399,-23.6168,10.0795,0.450722,-0.475996,0.0
63,1kpv,-16.768,-1.64527,25.157,-22.504,9.45713,0.0576303,-0.0628283,0.0
64,1ktl,-18.6691,-2.91701,26.1534,-25.461,5.3909,1.00316,-0.645816,0.0645978
65,1lk2,-19.481,-3.10485,30.4766,-23.3917,12.9496,0.635395,-0.0236934,0.0
66,1lp9,-19.4826,-4.16426,25.7854,-27.957,10.2697,0.308431,-0.0537968,0.0576718
67,1m05,-19.0904,0.573669,23.3802,-26.797,11.4891,0.461164,-0.164475,0.0
68,1m6o,-19.4183,-4.59378,30.3206,-23.9307,17.6727,0.32327,-0.493951,0.0
69,1mhe,-19.0352,-0.945254,26.8091,-24.6464,3.35768,0.647266,-0.304638,0.0874986
70,1mi5,-19.3462,-2.8261,26.3018,-25.3908,0.898517,0.542987,-0.730527,0.0
71,1mwa,-19.7206,-1.96939,33.7539,-24.5923,15.3789,0.418053,-0.161022,0.0
72,1n2r,-15.6783,-4.51019,23.697,-20.6438,0.821106,0.082286,-0.114326,0.0
73,1n3n,-18.6546,-1.47004,26.6097,-24.2527,10.4175,0.151032,-0.550593,0.0
74,1n5a,-22.4013,-3.31069,32.925,-29.3687,10.3476,0.420457,-0.627809,0.0754092
75,1nam,-14.7612,-1.4146,22.4057,-18.6881,11.2018,0.313264,-0.101369,0.0
76,1nan,-17.8167,-1.04667,29.0696,-22.1129,2.96217,0.136893,0.24475,0.0
77,1of2,-22.6013,-6.08702,34.5825,-26.9016,3.73883,0.26156,-1.54717,0.0575929
78,1oga,-15.3149,-1.27642,22.0275,-21.4429,1.80951,0.0355141,-0.224839,0.105302
79,1ogt,-24.4868,-10.2907,37.5526,-30.2925,3.53472,0.166932,-1.82667,0.124984
80,1osz,-19.209,-3.39941,31.5205,-23.6956,3.96253,0.410189,-0.39626,0.0
81,1p1z,-17.4305,-2.94213,28.7213,-22.1889,4.08689,0.170174,-0.395975,0.0
82,1p4l,-18.1707,-3.47637,29.9499,-23.5114,5.68853,0.581214,-0.311457,0.0
83,1p7q,-18.2331,-1.38958,26.5443,-25.3697,6.4686,0.502377,0.172742,0.161557
84,1q94,-16.9028,-4.10467,24.3094,-22.9704,16.3912,0.419331,-0.425246,0.0
85,1qew,-17.8634,-3.76211,27.0441,-23.5917,6.88523,0.90342,-0.207918,0.0885156
86,1qlf,-19.1763,-3.90075,25.8738,-26.4102,11.5296,0.497138,-0.522989,0.0
87,1qo3,-19.4703,-4.57138,27.618,-24.9931,13.1236,1.76413,-0.507761,0.0
88,1qqd,-18.8591,-4.58039,31.4143,-23.165,0.626536,0.787049,-0.808263,0.0
89,1qrn,-18.8938,-2.0625,24.8038,-26.3939,14.7051,0.483917,-0.105869,0.113964
90,1qse,-21.0454,-2.87451,29.3726,-28.4778,12.0346,0.616452,-0.0505626,0.113826
91,1qsf,-18.3644,-1.17267,24.4666,-26.5502,14.5197,0.418699,-0.0935065,0.0691389
92,1qvo,-18.7854,-1.33923,29.5947,-24.5852,8.56532,0.286922,-0.342825,0.0
93,1rjy,-17.8158,-3.28822,30.218,-20.9433,3.21854,0.12803,-0.362313,0.0
94,1rjz,-18.3731,-5.8112,33.0028,-22.0497,5.73114,0.403827,-0.0104999,0.0
95,1rk0,-15.0443,-2.76504,23.1505,-19.5581,8.09391,0.672062,-0.343115,0.0
96,1rk1,-17.1466,-2.96889,31.3929,-21.3082,5.94588,0.174373,0.31614,0.0
97,1s7r,-18.4768,-2.93692,25.8661,-24.1283,9.10489,0.523963,-0.145089,0.0
98,1s7u,-22.998,-3.20361,31.536,-31.3829,6.82128,0.114214,-0.651125,0.0420905
99,1s7v,-21.2541,-6.39786,34.2505,-28.0569,4.18147,0.426154,-0.758476,0.0934961
100,1s7w,-22.0606,-3.69351,29.5332,-28.8,12.9072,0.226212,-0.601106,0.0679148
101,1s7x,-19.416,-2.60157,24.0896,-26.5856,7.69377,0.643498,-0.567428,0.0890603
102,1s8d,-15.6431,-1.84914,25.41,-20.7146,1.53186,0.678762,-0.171598,0.0548357
103,1s9w,-19.7723,-0.801169,27.1798,-26.5803,4.32599,0.950209,-0.172148,0.10023
104,1s9x,-20.385,-1.3792,28.4692,-28.676,7.2926,1.25803,-0.130227,0.097779
105,1s9y,-20.3572,-1.45846,28.9967,-27.1962,5.96288,0.239303,-0.14834,0.122462
106,1sys,-18.7132,-6.83335,32.7058,-24.1499,4.81273,0.878475,-0.29165,0.0
107,1syv,-17.12,-6.78433,26.9378,-21.864,5.47319,0.589985,-0.433353,0.0
108,1t0m,-18.8783,-4.57341,30.6116,-23.4174,7.04355,0.678007,-0.504438,0.0
109,1t0n,-16.318,-2.49094,28.3881,-18.9019,7.01875,0.136092,-0.0600814,0.0
110,1t1w,-17.9169,-1.7337,23.6959,-25.3796,1.97236,0.690832,-0.20882,0.0900421
111,1t1x,-16.9996,-2.04942,25.4762,-23.6053,3.46232,0.703455,-0.198777,0.0458812
112,1t1y,-16.1299,-2.10056,25.9809,-21.1207,2.34198,0.0676857,-0.167485,0.0572654
113,1t1z,-16.2853,-1.24573,25.2309,-21.5054,1.94129,0.358839,-0.230629,0.0626272
114,1t20,-15.6476,-1.65808,23.9753,-20.5672,4.12786,0.290123,-0.219402,0.0392095
115,1t21,-16.9956,-1.61175,25.8924,-22.5316,3.98777,0.602486,-0.186595,0.0805992
116,1t22,-17.7349,-2.24833,28.4684,-23.7288,3.5268,0.455794,-0.178962,0.0767493
117,1tmc,-19.4051,-5.05736,28.5159,-25.6844,6.26541,1.03341,-0.132071,0.355867
118,1tvb,-18.2932,-1.92894,29.2194,-24.0589,2.38433,0.293952,-0.112519,0.120379
119,1tvh,-17.3736,-2.45246,25.5875,-23.5621,3.41087,0.251775,-0.442696,0.0932653
120,1uxs,-21.49,-7.39226,32.5457,-26.7338,7.11493,0.177946,-1.59337,0.004898
121,1uxw,-20.8676,-4.92007,32.3996,-24.3308,3.14006,0.167272,-1.07474,0.0519216
122,1vac,-18.6453,-5.54241,30.3268,-24.1886,1.7761,0.101882,-0.0899104,0.0
123,1vad,-18.4984,-5.13063,31.7334,-21.7305,2.85782,0.1499,-0.943888,0.363938
124,1vgk,-21.1203,-2.38568,28.3773,-26.3275,11.4114,0.836858,-0.392833,0.0
125,1w0v,-20.5345,-8.18451,29.147,-26.9117,4.05003,0.420169,-1.28261,0.0206792
126,1w0w,-21.3676,-8.33631,29.6794,-28.3284,6.03318,0.208409,-1.09568,0.058538
127,1w72,-15.9136,-7.20994,27.5307,-18.9486,9.40606,0.526832,-1.17596,0.219113
128,1wbx,-21.321,-2.78449,33.3811,-26.3438,2.06388,0.161769,-0.586941,0.0
129,1wby,-21.906,-4.76464,32.8823,-26.7425,11.4686,0.565605,-0.923097,0.0
130,1wbz,-15.1937,-2.30162,26.0384,-19.082,1.46421,0.0297274,-0.187948,0.0
131,1x7q,-18.3693,-4.31246,31.288,-23.7572,8.58231,0.381978,-0.606697,0.0
132,1xr8,-16.8792,-1.72265,30.8413,-19.2311,2.37381,0.74908,-0.0669696,0.0
133,1xr9,-18.3787,-2.61602,24.8769,-26.6835,15.556,0.124441,-0.21806,0.0
134,1ydp,-23.4624,-4.32828,33.4013,-28.9011,5.87444,0.376086,-0.736598,0.113826
135,1yn6,-21.1103,-0.77127,30.744,-25.8148,6.06493,0.285441,-0.743092,0.0455061
136,1yn7,-21.2589,-3.79175,32.3428,-26.8079,2.84535,0.418519,-0.601091,0.0
137,1zhb,-22.1418,-5.16783,31.2217,-30.0965,5.67723,0.291338,-0.655561,0.0696173
138,1zhk,-17.7389,1.18921,22.1201,-25.2911,7.6066,0.230856,-0.182899,0.0
139,1zhl,-17.9433,-0.723298,22.6636,-26.1024,11.6366,0.572282,-0.150908,0.0
140,1zsd,-19.3064,-1.36498,26.7864,-26.748,9.77706,0.344089,-0.272796,0.0
141,1zt1,-17.8358,-2.50434,24.205,-23.28,15.1344,0.145002,-0.111196,0.00870214
142,1zt7,-19.5032,-4.91225,28.848,-24.9909,3.64922,0.221502,-0.857624,0.037084
143,2a83,-22.6252,-9.63296,33.3836,-28.5103,7.44594,0.232944,-1.46904,0.366754
144,2ak4,-16.484,-1.76676,21.9316,-23.1957,0.634449,0.298002,-0.465888,0.0
145,2av1,-17.8092,-1.37137,22.8349,-25.2684,10.3423,0.0367924,-0.0106007,0.0355657
146,2av7,-16.6425,-2.98236,21.5619,-24.1414,10.024,0.676391,-0.180057,0.0322964
147,2axf,-17.5191,-3.85606,25.8226,-22.6813,10.9537,0.180853,-0.388052,0.0
148,2axg,-14.3615,-2.65311,21.293,-19.1193,4.29707,0.0294076,-0.257484,0.0
149,2bck,-16.7969,-3.63116,23.3676,-22.3397,12.0826,0.816115,-0.509397,0.0796176
150,2bnq,-18.4154,-2.57459,29.0845,-24.2092,2.32362,1.50082,-0.150823,0.0828067
151,2bnr,-21.9802,-2.45497,30.6438,-30.5309,3.17509,0.216042,-0.140193,0.0954084
152,2bsr,-16.7025,-2.22966,25.1175,-23.0735,1.88003,0.533521,-0.0730988,0.0306805
153,2bss,-18.6139,-3.91582,27.6037,-24.0645,5.00482,0.315329,-0.573872,0.0106081
154,2bst,-18.0116,-5.69424,29.1949,-21.2865,3.56867,0.390827,-0.82335,0.0141603
155,2bvo,-17.7158,-1.80695,24.7457,-24.9264,4.25898,0.160135,-0.423486,0.0
156,2bvp,-17.9798,-0.887413,23.0529,-26.0925,13.1127,0.827013,-0.328811,0.0
157,2c7u,-16.1422,-1.43457,21.9648,-22.3361,3.80647,0.688068,-0.232407,0.0831975
158,2cik,-19.3378,-4.04821,25.6246,-27.2548,14.5982,1.27132,-0.215449,0.0776317
159,2ckb,-19.4598,-4.20856,32.4943,-24.2631,4.52759,0.642504,-0.699306,0.0
160,2clr,-19.8652,-0.98597,24.6349,-29.0007,12.7341,0.492882,-0.180803,0.0789971
161,2clv,-19.6477,-2.47415,28.6838,-24.5477,3.48115,0.361416,0.10988,0.0
162,2clz,-17.4699,-0.448592,25.9332,-22.0131,5.71066,0.0706358,-0.237782,0.0
163,2d31,-21.2508,-5.70757,31.2957,-26.4899,8.62225,0.570996,-0.998235,0.37307
164,2dyp,-22.4239,-5.06334,31.8656,-29.0849,11.9562,0.943242,-0.753557,0.126134
165,2e7l,-19.8717,-1.82407,27.5546,-26.1442,5.55498,0.26972,-0.166926,0.0
166,2esv,-18.8639,-0.926411,22.3297,-28.3468,11.3954,0.31942,-0.528677,0.0688337
167,2f53,-18.7352,-2.38057,28.1728,-24.7871,2.88047,0.198689,-0.162875,0.0856881
168,2f54,-20.4953,-2.27057,26.2039,-28.4059,15.3859,1.5366,-0.186298,0.120532
169,2f74,-22.1692,-1.06224,28.9539,-30.2703,5.07654,0.562262,-0.443746,0.039701
170,2fo4,-16.8992,-3.56502,29.4453,-20.1448,10.6512,0.506827,-0.0924478,0.0
171,2fwo,-23.1745,-2.12884,33.4772,-29.5245,7.85101,0.615078,-0.828565,0.0
172,2fz3,-19.7495,-3.80374,28.1566,-25.1858,18.8846,0.560807,-0.841627,0.0709752
173,2git,-17.8822,-2.57646,22.8809,-25.686,13.6578,0.545687,-0.356756,0.0578241
174,2gj6,-20.4035,-4.32968,26.602,-29.3598,14.8339,0.700436,-0.076398,0.0869642
175,2gt9,-18.4617,-2.99008,31.7074,-24.7952,17.9096,0.256828,-0.25844,0.0585977
176,2gtw,-15.7878,-1.6113,22.6256,-22.4658,1.39412,0.271332,-0.0495182,0.0786216
177,2gtz,-18.5994,-0.751618,24.3506,-27.1262,9.40591,0.529329,-0.171818,0.0789363
178,2guo,-14.897,-1.17473,21.8003,-21.2185,4.33868,0.838748,-0.182025,0.0627321
179,2h6p,-20.2423,1.17896,23.4833,-29.6913,5.86599,2.58454,-0.0537475,0.11251
180,2hjk,-16.3636,-1.85536,21.5523,-23.5395,4.60031,0.107417,-0.325535,0.0
181,2hjl,-19.5815,-4.10679,24.8971,-28.2135,5.78336,1.06151,-0.343659,0.0
182,2hn7,-16.966,-2.74472,25.5997,-23.6905,3.96926,0.302662,-0.448818,0.0
183,2j8u,-18.1535,-4.96485,22.5058,-26.8796,25.829,0.316026,-0.202661,0.0529841
184,2jcc,-18.6983,-2.73708,23.0047,-27.4389,8.17679,0.188128,-0.127012,0.0877928
185,2mha,-13.6568,-1.69337,21.7924,-16.6192,2.25475,0.47817,-0.199498,0.0
186,2nx5,-19.7089,-1.66131,26.8284,-27.8936,11.6314,0.717096,-0.367202,0.0
187,2oi9,-20.1357,-1.14041,26.4635,-27.4124,20.0385,0.224684,-0.263773,0.0
188,2ol3,-18.1965,-2.78497,29.2222,-21.6246,3.79116,0.087269,0.0373003,0.0
189,2p5e,-20.1511,-1.77729,27.9892,-28.0891,7.8364,0.851278,-0.130068,0.0615538
190,2p5w,-18.7445,-1.70067,27.3561,-26.3116,3.15764,1.1985,-0.102536,0.0364027
191,2pye,-16.6259,-1.35003,22.9386,-23.3434,2.03108,0.0433724,-0.170117,0.00851415
192,2rfx,-15.9578,-1.57336,22.1356,-21.3134,2.52854,0.109922,-0.462348,0.0
193,2uwe,-19.6489,-2.89599,24.5501,-28.7718,3.34839,0.0725834,-0.164258,0.0507864
194,2v2w,-16.1823,-1.08677,25.1509,-20.6561,3.06596,0.149866,-0.170646,0.0562937
195,2v2x,-17.5128,-1.1591,25.5676,-23.5388,2.58096,0.575844,-0.223243,0.0791437
196,2vaa,-16.5997,-2.17071,26.6283,-20.2518,1.84076,0.069714,-0.0142887,0.0
197,2vab,-15.0805,-4.16816,23.4081,-20.443,3.32772,0.0855918,-0.0985877,0.0
198,2vlj,-14.1872,-0.901192,21.1062,-19.9046,2.2131,0.137483,-0.16803,0.0417431
199,2vlk,-15.4088,-1.72219,22.0254,-21.39,10.8026,0.21459,-0.126985,0.0657032
200,2vll,-16.8784,-1.08948,22.6687,-24.4125,5.08275,0.302872,-0.207236,0.0758111
201,2vlr,-16.156,-1.90891,22.118,-22.7876,14.1144,0.506147,-0.168745,0.069513
202,2x4o,-17.0382,-1.28171,24.7197,-23.3619,5.65386,0.33229,-0.28251,0.082494
203,2x4r,-17.9156,-2.26944,25.9013,-25.2328,4.39117,0.499463,-0.130548,0.0779967
204,2x4s,-15.99,-2.38415,27.9183,-19.652,4.41927,0.212387,-0.341534,0.0810811
205,2x4u,-18.5589,-4.23729,26.8695,-26.3177,6.65928,1.66489,-0.380391,0.0902923
206,2xpg,-15.4487,-2.01594,23.03,-21.0391,3.09769,0.191595,-0.299401,0.0
207,2ypk,-17.1139,-2.12308,22.2385,-24.2559,17.1131,0.34919,-0.673869,0.0
208,2ypl,-21.3156,-3.00179,27.2632,-29.5804,10.1816,0.151206,-0.616913,0.0
209,3am8,-20.4665,-4.37045,29.9043,-26.2852,3.50636,0.34377,-0.828619,0.121508
210,3bo8,-15.9814,-3.60498,27.0825,-18.2384,4.11834,0.18945,-0.928954,0.113826
211,3bp4,-14.3718,-1.64205,20.3312,-20.9768,3.00136,0.186244,-0.64065,0.0123408
212,3bp7,-17.864,-0.398842,22.7708,-25.3411,4.35672,1.33524,-0.256673,0.0767881
213,3buy,-20.6799,-3.68874,28.5253,-27.2327,6.8037,0.826198,-0.947329,0.0368911
214,3bvn,-23.585,-7.78401,34.6891,-29.0649,4.85395,1.29461,-1.63381,0.00529676
215,3bw9,-18.7877,1.45471,24.3509,-24.8455,4.68816,1.49909,-0.266578,0.0
216,3bwa,-15.8979,-0.027075,24.2675,-21.0669,2.28089,0.586019,-0.112401,0.0
217,3bxn,-17.9193,-0.732417,22.0856,-25.8028,5.13233,0.412774,-0.139101,0.00509109
218,3bze,-18.4811,-0.749234,21.4002,-26.923,8.25146,0.341074,-0.403072,0.0684479
219,3bzf,-18.2998,-2.86707,23.7212,-25.6827,3.47751,0.132004,-0.46404,0.069064
220,3c8k,-19.2887,-5.79854,32.6459,-24.792,3.41085,0.296152,0.00990176,0.0
221,3c9n,-21.0489,-4.89581,31.2468,-27.4006,3.75758,0.223168,-0.086959,0.0
222,3cc5,-22.5545,-4.69298,34.5778,-28.6347,2.03941,0.129092,-0.185828,0.0510073
223,3cch,-22.5425,-4.24655,36.6903,-27.1347,5.0024,0.791298,-0.636039,0.0
224,3cdg,-19.5945,-0.551103,24.1921,-27.0964,18.3094,0.48431,-0.468765,0.0604979
225,3ch1,-23.3687,-5.29351,33.121,-29.8742,11.7201,0.359647,-0.712029,0.0
226,3cii,-19.6681,-2.40888,26.5981,-26.4147,9.48642,0.159481,-0.669994,0.0610482
227,3cpl,-18.7583,-2.95626,29.8246,-22.4209,0.805949,0.0650418,-1.01155,0.0
228,3cvh,-16.6418,-0.631119,24.4106,-22.3065,3.22052,0.151811,-0.152889,0.0
229,3czf,-22.7702,-8.28262,33.1276,-28.4958,6.70933,2.22117,-1.0326,0.406221
230,3d18,-20.4843,-5.69931,31.1081,-25.3312,1.73796,0.545018,-1.18355,0.0249952
231,3d25,-17.8322,-3.48406,30.0661,-24.0631,3.60969,0.288012,-0.153295,0.0713631
232,3dmm,-18.3695,-3.30179,25.0673,-23.7783,12.2358,1.66299,-0.556395,0.0
233,3dx6,-18.8911,-3.72979,29.6671,-24.4698,2.08317,0.101131,0.00203269,0.0
234,3dx7,-16.6921,-3.41962,26.1286,-22.8171,5.20486,0.136767,-0.260386,0.0
235,3dx8,-17.7429,-6.29228,29.7308,-22.4254,6.89881,0.269549,-0.431033,0.0
236,3dxa,-19.4682,-5.14765,29.6474,-25.8609,5.54196,0.481706,-0.0917291,0.0
237,3e2h,-19.5474,-0.684654,25.5466,-26.5276,16.4448,0.137719,-0.218236,0.0
238,3e3q,-18.8245,-1.50397,24.1925,-24.879,3.41465,0.40379,-0.442106,0.0
239,3e6f,-15.3187,-1.63875,22.9196,-19.6808,3.68518,0.126499,-0.261769,0.0
240,3e6h,-18.3692,-5.98769,27.9169,-23.4254,12.5062,1.59288,-0.420637,0.0
241,3ecb,-16.8272,-5.05182,23.9869,-22.3012,13.4895,0.377119,-0.597642,0.0
242,3ery,-18.9316,-3.94466,23.5543,-25.5839,8.45108,0.877496,-0.348982,0.0
243,3ffc,-20.2546,-4.2389,27.0235,-27.3473,10.2589,0.231956,-0.625592,0.0
244,3fqt,-15.3185,-0.734598,26.4197,-18.3781,8.14663,0.22977,-0.22207,0.0789737
245,3fqw,-16.1275,-1.55566,26.112,-19.3502,2.70639,0.0926077,-0.0648425,0.102487
246,3ft3,-18.0887,-6.5019,32.4606,-23.4822,3.38355,0.153948,-0.437835,0.160044
247,3ft4,-15.9404,-3.2647,28.6061,-20.4131,1.42083,0.102345,-0.385749,0.0580138
248,3ftg,-21.1437,-5.11452,33.7842,-26.3637,4.61966,0.04095,-0.201911,0.0
249,3giv,-17.9568,-0.688733,22.4371,-24.669,2.30512,0.104421,-0.263499,0.0732962
250,3gjf,-20.4383,-1.82286,24.583,-30.2743,3.30363,0.17015,-0.221106,0.0738914
251,3gsn,-16.2626,-0.668906,21.2966,-22.6138,6.01664,0.162552,-0.181091,0.117412
252,3gso,-16.1986,-1.48651,20.9692,-23.4289,2.66541,0.0417621,-0.231399,0.0555255
253,3gsq,-16.9739,-2.34549,24.2125,-23.7729,5.80829,0.174051,-0.153666,0.0749889
254,3gsr,-17.7161,-2.38404,23.8624,-25.3165,2.15815,0.199062,-0.238664,0.0876604
255,3gsu,-18.0548,-2.13102,26.2016,-24.7332,4.94421,0.27136,-0.14639,0.0777827
256,3gsv,-17.2594,-1.307,24.8875,-23.1007,0.981579,0.0694854,-0.152491,0.0625226
257,3gsw,-16.9309,-1.73315,23.1736,-23.7629,2.6301,1.03211,-0.17346,0.0914499
258,3gsx,-17.2542,-2.49829,25.2257,-24.607,3.54291,0.255583,-0.147608,0.0707005
259,3h7b,-20.6948,-1.49023,25.0115,-30.6119,4.49328,0.0735142,-0.238056,0.0849371
260,3h9h,-20.4182,-3.15552,27.4755,-27.9587,12.6965,0.369467,-0.0338649,0.094294
261,3h9s,-20.9532,-2.33009,24.2777,-30.0074,9.95488,0.468221,-0.230679,0.109326
262,3hae,-17.7022,-1.03922,24.8911,-23.6148,2.75229,0.380347,-0.22326,0.0934754
263,3hg1,-18.1029,-2.41662,29.1603,-24.5,4.55505,0.870213,-0.000252294,0.0365372
264,3hpj,-22.0937,-2.9966,29.348,-30.6029,12.9081,0.238697,-0.0998391,0.0818097
265,3i6g,-20.9006,-2.51978,24.8577,-30.3281,14.2159,0.500652,-0.148692,0.060259
266,3i6k,-18.6311,-3.09356,25.665,-26.3379,1.87915,0.517773,-0.178435,0.0550304
267,3i6l,-18.3966,-2.13351,26.4095,-25.3827,2.5106,0.353005,-0.323547,0.0381072
268,3ixa,-20.8806,-5.78206,27.6569,-29.5528,11.6534,0.151935,-0.101265,0.119427
269,3kla,-18.79,-1.30217,25.977,-25.3765,2.33551,1.15959,-0.164513,0.100815
270,3kpl,-18.8697,-2.86042,28.7954,-24.6056,7.485,0.765589,-0.292886,0.0
271,3kpm,-19.163,-6.25572,30.2285,-25.5577,5.33392,0.273673,-0.205879,0.0
272,3kpn,-18.6023,-1.10264,26.6667,-25.5949,5.66784,0.0937331,-0.00473183,0.0
273,3kpo,-19.1041,-3.05427,26.7569,-25.3098,8.04052,0.510578,-0.487,0.0
274,3kpp,-18.7449,-5.09802,29.1985,-24.6864,8.59887,0.851231,-0.298128,0.0
275,3kpq,-17.2277,-5.6665,24.6392,-23.5984,2.10815,0.34599,-0.295001,0.0
276,3kpr,-21.3638,-5.48296,33.164,-28.0685,8.15943,0.1194,-0.541853,0.0
277,3kps,-21.486,-6.42941,33.9371,-26.6702,5.74715,0.13744,-0.452382,0.0
278,3kww,-16.1083,-0.849388,21.6067,-24.2056,13.5608,0.202962,-0.352739,0.0
279,3kxf,-18.3483,-1.92963,23.6216,-26.4586,8.21988,0.145834,-0.399774,0.0
280,3kyn,-13.8399,-1.93231,22.9385,-17.7114,4.06131,1.09456,-0.414964,0.0316853
281,3kyo,-16.6106,-4.10144,24.7472,-22.3316,4.021,0.386894,-0.483717,0.234644
282,3l3d,-18.3649,-4.49481,29.6113,-22.1312,3.02179,0.39791,0.050427,0.0
283,3l3g,-15.828,-4.89659,24.9463,-20.3904,9.28857,0.522617,-0.331024,0.0
284,3l3h,-21.1019,-5.21618,33.5512,-26.0315,5.825,0.279096,-0.898797,0.0268531
285,3l3i,-16.06,-4.54393,26.3685,-20.4386,3.26208,0.157051,-0.0324598,0.0
286,3l3j,-15.3696,-3.85725,25.2961,-19.4426,2.11529,0.0826303,-0.302343,0.0
287,3l3k,-14.7271,-3.12691,23.6856,-19.0242,4.46226,0.116408,-0.210954,0.0
288,3lkn,-20.1136,0.0736263,24.4326,-29.5057,14.1628,0.612897,-0.199199,0.0
289,3lko,-18.8705,-1.30294,26.9764,-26.0598,2.81788,1.26772,-0.20062,0.0
290,3lkp,-19.4485,-4.10605,25.3394,-27.8146,15.7833,0.354069,-0.191727,0.0
291,3lkq,-18.9298,-0.289208,24.1094,-27.1271,1.70552,0.156217,-0.0890381,0.0
292,3lkr,-17.569,-0.213007,21.5422,-25.7177,12.2525,0.161489,-0.296735,0.0
293,3lks,-18.0269,-0.859469,25.0369,-25.2107,3.77225,0.474678,-0.191101,0.0
294,3ln5,-19.49,-6.04865,33.5175,-24.2379,3.25469,0.477602,-0.651361,0.0276167
295,3lv3,-22.1905,-6.6843,33.5356,-26.4742,12.4326,0.19668,-1.42878,0.0306877
296,3mgo,-20.7048,-1.52992,32.5174,-25.9136,11.6866,0.201204,-0.083088,0.0831896
297,3mgt,-18.8728,-1.83449,26.9667,-25.365,7.24371,0.789863,0.0203593,0.0773531
298,3mr9,-15.0119,-1.39464,22.5393,-20.746,2.29467,0.0946324,-0.132869,0.0311352
299,3mrb,-19.3529,-2.39997,27.1548,-26.9016,3.70996,0.0949874,-0.157833,0.143097
300,3mrc,-17.3749,-2.11242,26.1872,-23.3894,2.54891,0.179663,-0.166865,0.0892671
301,3mrd,-14.722,-1.74499,23.0792,-19.2711,1.95568,0.344483,-0.174052,0.0304566
302,3mre,-18.0053,-0.907433,25.0941,-25.5901,3.32973,0.0571334,-0.149775,0.0648929
303,3mrf,-16.3177,-1.11332,20.8927,-23.3243,5.10318,0.273334,-0.234413,0.120823
304,3mrg,-18.839,-1.64275,28.1396,-24.5406,2.92836,1.78441,-0.20832,0.0888203
305,3mrh,-15.2128,-1.18476,23.1572,-20.8834,2.57843,0.30685,-0.18492,0.0520738
306,3mri,-18.1475,-0.238637,22.3329,-25.2931,4.19029,0.878896,-0.125401,0.0901711
307,3mrj,-17.4525,-1.28279,24.6876,-23.7549,3.32098,0.0972993,-0.154108,0.102529
308,3mrk,-18.7677,-2.78662,24.569,-26.5006,20.7105,0.153796,-0.304427,0.106304
309,3mrl,-15.8787,-2.27904,24.7035,-21.3541,3.59856,0.123184,-0.162166,0.0278329
310,3mrm,-19.7052,-1.46258,29.9064,-28.0616,5.82649,0.701226,-0.0312387,0.0751703
311,3mrn,-22.3007,-1.60425,28.7654,-32.2184,28.4473,0.412899,-0.119292,0.0799047
312,3mro,-17.6284,-1.51195,25.2266,-24.2905,11.5242,1.35982,-0.244328,0.0779012
313,3mrp,-18.3389,-1.88193,26.8604,-25.0363,4.73712,1.56758,-0.293044,0.0821296
314,3mrq,-18.6376,-4.02298,30.3304,-23.9199,7.66325,2.22848,-0.32521,0.0996219
315,3mrr,-18.5526,-1.54723,24.7219,-27.1349,6.70449,0.913568,-0.183043,0.104135
316,3mv7,-19.202,-0.970644,29.0426,-24.6365,12.3772,0.679056,-0.25114,0.100869
317,3mv8,-17.3573,-3.94679,28.383,-21.4241,5.38939,0.358594,-0.545301,0.0290615
318,3mv9,-16.9659,-0.162044,23.8838,-23.4143,2.68147,0.391486,-0.200536,0.0482719
319,3myj,-20.2539,-2.60297,29.5567,-26.2264,7.05073,0.726496,-0.0646048,0.0882478
320,3nfn,-18.4106,-3.51992,23.0354,-25.5493,2.59608,0.252139,-0.974524,0.29273
321,3o4l,-18.3815,-1.24603,23.8185,-27.2419,2.76358,0.282538,-0.152973,0.117741
322,3ox8,-17.3799,-4.13372,28.1238,-22.8666,4.12813,0.0977336,-0.0594204,0.0835117
323,3oxr,-18.7024,-4.42905,26.7215,-25.6855,12.2434,0.220183,-0.129303,0.0737942
324,3oxs,-18.7005,-4.34222,23.9427,-26.6543,10.8523,0.155968,-0.246491,0.0763899
325,3p4m,-19.0704,-3.71871,29.3821,-24.6204,8.65322,0.54066,-0.185112,0.0
326,3p4n,-16.9901,-0.718686,22.428,-23.05,2.87123,0.412846,0.0363764,0.0
327,3p4o,-15.1314,-1.58827,25.2464,-20.0081,3.87323,0.279586,-0.236358,0.0
328,3p9l,-17.9635,-3.86619,28.4464,-23.1689,10.5957,0.367858,-0.3931,0.0
329,3p9m,-16.832,-1.69359,26.5228,-22.1625,1.91817,0.964517,-0.139308,0.0
330,3pab,-18.2228,-1.59599,30.8034,-22.9946,3.69603,0.896587,0.289257,0.0
331,3pqy,-20.7749,-3.06356,30.0061,-26.6901,1.0225,0.239788,-0.0808463,0.0523113
332,3pwj,-17.6383,-2.31543,24.1932,-24.7593,5.80121,0.359437,-0.167409,0.0261416
333,3pwl,-19.4654,-2.17607,25.5804,-27.0428,3.33842,0.143493,-0.159884,0.118171
334,3pwn,-19.3598,-1.20911,25.1275,-27.8813,2.65988,0.93032,-0.178723,0.0715201
335,3pwp,-19.6497,-1.9908,26.1162,-26.5753,9.59762,0.283337,-0.138065,0.0988256
336,3qdg,-19.8957,-2.49788,27.6825,-28.4622,12.0019,0.421063,-0.0182624,0.0777604
337,3qdj,-16.8848,-1.49283,24.0749,-23.807,2.95314,0.882335,-0.139543,0.0429429
338,3qdm,-20.5025,-4.02176,30.0666,-28.9215,10.2327,1.11179,-0.382177,0.0877379
339,3qeq,-18.7455,-1.19648,25.0264,-27.442,17.5219,2.3454,-0.202186,0.0544466
340,3qfd,-15.8664,-1.17708,23.922,-22.2699,1.13721,1.15313,-0.133044,0.0501888
341,3qfj,-19.396,-3.19439,24.1449,-27.9467,7.52676,0.295721,-0.188543,0.0333889
342,3quk,-21.4726,-1.79351,32.2342,-28.1818,7.96249,0.0608186,-0.536337,0.0
343,3qul,-20.3251,-4.55123,30.8106,-26.3936,7.63644,0.144356,-0.72747,0.0354272
344,3qzw,-19.2054,-2.62165,26.2163,-24.6939,5.73941,0.575758,-0.618809,0.0856359
345,3rew,-16.226,-1.73192,22.1587,-22.7067,5.19146,0.0806622,-0.269447,0.0761637
346,3rgv,-21.3471,0.211938,30.3962,-28.2416,8.23965,0.634381,-0.055071,0.0
347,3rl1,-16.1907,-0.0407689,25.5314,-19.9641,2.90719,0.135214,-0.0726773,0.0
348,3rl2,-17.7538,-1.66689,26.2023,-23.4757,2.50386,0.293066,-0.505693,0.0
349,3roo,-17.3909,-2.18714,27.4929,-21.9717,5.4043,0.627495,-0.0205952,0.0
350,3sjv,-17.7459,-4.04695,24.2649,-23.3756,12.8871,0.477607,-0.74061,0.0
351,3skm,-22.5217,-4.88788,29.6945,-29.7701,3.03232,0.411959,-1.08219,0.0
352,3sko,-16.9887,-1.85276,23.6083,-22.0566,3.99533,0.176353,-0.653394,0.0
353,3spv,-20.9584,-4.56425,30.9267,-28.3551,14.8907,0.156885,-0.843089,0.0
354,3tbs,-20.8253,-2.55135,31.8426,-27.3393,4.83995,0.10534,-0.708352,0.0
355,3tbt,-19.8612,-2.28276,27.8863,-26.0096,8.06935,0.103188,-0.583995,0.0459426
356,3tbv,-19.9775,-3.39564,32.0871,-25.3172,7.7852,0.379406,-0.80763,0.0384679
357,3tbw,-20.2535,-0.906705,28.95,-26.2921,4.96305,0.680176,-0.603966,0.033294
358,3tby,-21.1874,-5.17249,30.8745,-27.8579,7.47654,0.242624,-0.794465,0.0
359,3tf7,-20.4859,-3.15981,25.3954,-27.5897,7.11245,0.261592,-0.216384,0.0
360,3tfk,-19.4377,-3.51297,27.1805,-26.574,3.498,0.613296,-0.390353,0.0
361,3tid,-18.2375,-1.71603,29.7128,-22.3451,1.79762,0.125418,-0.0318463,0.0
362,3tie,-14.576,-1.40929,24.1316,-17.9599,2.20863,0.106911,-0.050396,0.0
363,3tjh,-20.5159,-2.69004,26.2379,-28.2314,10.314,0.266852,-0.304722,0.0
364,3to2,-17.6639,-1.60328,24.4309,-25.4656,1.86131,0.956587,-0.110529,0.0808791
365,3tpu,-20.585,-3.31179,21.6614,-29.9095,7.76204,0.612936,-0.315754,0.0
366,3upr,-16.053,-1.98568,24.268,-21.4526,5.98021,0.0250891,-0.418707,0.113826
367,3utq,-15.2595,-0.768334,24.84,-20.9014,4.1759,0.206576,-0.00997211,0.0430579
368,3uts,-15.1825,-2.1192,24.793,-20.5446,9.76788,0.889671,-0.356427,0.0431841
369,3utt,-16.0627,-3.38384,24.644,-22.303,11.0138,0.696713,-0.261568,0.038581
370,3v5d,-19.3317,-2.35074,29.2029,-27.6999,3.4099,0.587146,-0.118136,0.0723907
371,3v5h,-21.623,-2.43671,31.7904,-29.5872,14.6546,0.152909,-0.554159,0.185929
372,3v5k,-21.44,-8.02238,29.2096,-30.6441,14.8007,0.442907,0.0238736,0.0792876
373,3vcl,-19.9259,-3.24211,30.7014,-24.4522,14.1164,0.580904,-0.604767,0.0790509
374,3vfm,-15.3218,-1.08459,21.2451,-20.7864,10.022,0.240816,-0.252236,0.0
375,3vfn,-18.8262,-4.62731,25.9909,-26.2907,6.1339,0.139942,-0.470174,0.0
376,3vfo,-19.3656,-1.23993,24.8151,-27.5196,11.0051,0.398653,-0.549976,0.0
377,3vfp,-17.4652,-1.99701,24.6419,-24.343,9.62432,0.187268,-0.344797,0.0
378,3vfr,-17.9824,1.25891,22.3791,-25.2977,11.6819,0.47907,-0.07241,0.0
379,3vfs,-16.2118,-0.403751,21.8986,-23.145,8.6809,0.15902,-0.377227,0.0
380,3vft,-17.8422,-0.471809,23.012,-25.271,3.83122,0.185892,-0.151525,0.0
381,3vfu,-15.7273,-0.828358,22.8204,-21.9909,2.2031,0.302326,-0.258206,0.0
382,3vfv,-16.3436,-1.02611,21.1284,-23.3442,11.0336,0.226938,-0.197704,0.0
383,3vfw,-19.5731,-3.92196,24.3459,-27.1823,18.2428,0.68088,-0.437123,0.0
384,3vh8,-16.6903,-4.2012,24.4019,-22.1853,16.4918,0.358753,-0.60854,0.0
385,3vri,-17.1175,-2.27038,24.8213,-23.2307,3.45434,0.0594491,-0.596377,0.0
386,3vrj,-17.7467,-1.63758,25.8165,-23.6946,3.49978,0.235899,-0.425974,0.0
387,3vxm,-21.0621,-1.58058,26.5208,-28.8412,9.12955,0.568678,-0.531277,0.0552299
388,3vxn,-21.5435,-3.39219,26.3423,-29.5712,1.50053,0.847849,-1.10598,0.141652
389,3vxo,-19.0643,-1.97863,24.243,-26.1582,24.3964,1.01827,-0.533516,0.0829081
390,3vxp,-20.5524,-4.96339,28.5995,-27.2892,7.0084,0.207136,-0.773315,0.058545
391,3vxr,-20.8046,-4.225,27.2373,-29.0749,5.05578,0.573272,-0.295737,0.0866282
392,3vxs,-19.6941,-5.79755,27.1847,-26.5975,4.64635,0.58322,-0.68686,0.134576
393,3vxu,-15.069,-2.57733,19.9404,-21.5862,1.8663,0.151593,-0.623326,0.196061
394,3w0w,-16.9433,-2.20773,24.4182,-22.0235,10.1346,0.724643,-0.522317,0.0506649
395,3w39,-15.8662,-1.72264,21.6762,-22.361,9.59706,1.64712,-0.380738,0.00165955
396,3wl9,-17.3288,-2.60378,28.0398,-21.922,2.79392,0.155673,-0.531206,0.0462564
397,3wlb,-19.2179,-2.84169,29.1791,-23.8851,5.20276,0.488548,-0.481656,0.0981762
398,3ws3,-22.1359,-3.79622,31.9645,-28.089,9.09347,0.324813,-0.405102,0.0
399,3ws6,-22.9631,0.357753,31.4779,-30.972,12.0387,0.726027,-0.203359,0.0
400,3wuw,-17.2928,-3.98161,24.8641,-24.0201,7.20818,1.34683,-0.619521,0.0
401,3x11,-17.6641,-3.50112,25.8879,-23.741,10.8557,1.03248,-0.406081,0.0
402,3x12,-16.1195,-1.12535,23.1421,-21.9531,4.48665,0.940792,-0.486659,0.0
403,3x13,-19.5972,-4.76552,26.9397,-25.0527,2.3701,0.168531,-1.23771,0.0
404,3x14,-19.4698,-3.45991,25.3257,-26.8581,5.59777,0.148359,-0.454187,0.0
405,4e5x,-18.767,-3.8228,25.9665,-26.2883,7.07871,0.0864834,-0.126073,0.0632313
406,4eup,-16.9652,-1.63149,22.6907,-24.8809,12.275,1.01143,-0.22395,0.0327189
407,4f7m,-15.8524,-2.38666,23.0862,-22.1363,2.91324,0.471591,-0.55636,0.118849
408,4f7t,-19.4377,-3.25526,28.4753,-24.99,3.46614,1.02809,-0.54904,0.0652484
409,4ftv,-21.2608,-4.48436,27.685,-29.9978,10.0003,0.652779,-0.0936196,0.113826
410,4g8g,-20.7889,-6.07238,29.8735,-29.2302,4.88749,0.352822,-0.824365,0.0243489
411,4g8i,-18.839,-6.43948,26.6346,-25.7715,4.25569,0.463872,-0.492156,0.0115912
412,4g9d,-16.542,-3.98911,23.6912,-24.5266,1.56651,0.179444,-0.887195,0.0185733
413,4g9f,-18.829,-3.87513,27.2632,-26.6916,2.63437,0.672071,-0.461942,0.0215654
414,4gkn,-20.7032,-2.85033,26.4944,-29.9487,14.1231,3.81312,-0.136129,0.111661
415,4gks,-19.9218,-2.15822,27.1809,-28.928,5.14014,2.55,-0.117815,0.0422158
416,4hkj,-17.502,-5.06056,27.626,-22.8457,3.04138,0.41996,0.0476318,0.0
417,4hs3,-18.9237,-2.1071,27.1587,-24.2948,2.54876,0.0980312,-0.0445866,0.0
418,4huu,-21.5375,-5.31373,36.7706,-26.932,4.32752,0.42368,-0.191177,0.0668161
419,4huv,-20.6767,-1.97912,31.5888,-26.1439,2.96192,0.234933,-0.466806,0.0
420,4huw,-21.3498,-4.51493,38.033,-25.5551,7.03334,0.400611,-0.617581,0.0
421,4hux,-20.2683,-3.21571,32.113,-25.2128,3.75272,0.0380214,-0.463385,0.0
422,4hv8,-19.6871,-2.72686,33.1283,-24.613,2.54666,0.795217,-0.409533,0.0
423,4hwz,-17.8513,0.217705,25.9726,-23.7296,3.10582,0.623439,0.135929,0.0
424,4hx1,-19.5682,-2.70648,24.4822,-27.2091,16.6988,0.163322,-0.25834,0.00860893
425,4i48,-15.6428,1.0992,23.2745,-19.9573,1.25936,0.0747079,0.070314,0.0
426,4i4w,-18.6386,-1.48102,25.1301,-26.6836,4.56793,0.315464,0.0306191,0.041427
427,4iho,-21.5294,-5.38795,32.6401,-27.027,5.83217,0.279902,-0.637197,0.0
428,4jfd,-18.7705,-3.91022,30.2478,-25.2235,14.8263,0.97141,-0.303053,0.0400612
429,4jfe,-17.1603,-2.70456,25.7409,-23.4641,3.85123,0.898462,-0.343479,0.060845
430,4jff,-18.9372,-3.23949,29.5833,-26.2515,23.4668,2.74926,0.0197458,0.0726944
431,4jfo,-19.2664,-1.65103,25.1637,-27.869,2.45425,0.36572,-0.240514,0.105808
432,4jfp,-18.4163,-4.25131,30.169,-24.5171,5.5491,1.18308,-0.253408,0.0715361
433,4jfq,-19.3856,-2.16698,29.6314,-27.0019,9.4083,0.223535,-0.148218,0.0742676
434,4jqv,-20.3716,-4.70019,30.1071,-25.7213,2.8882,0.845793,-0.325042,0.0130614
435,4jqx,-19.394,-5.16024,34.6897,-24.6493,2.51361,0.677403,-0.723249,0.0
436,4jrx,-17.6507,-1.42631,24.1104,-25.2075,7.68557,0.115704,-0.309197,0.0
437,4jry,-18.6178,-1.22881,22.9479,-27.8276,3.82984,0.222292,-0.451951,0.0
438,4k7f,-17.11,-1.46522,28.6698,-22.6266,2.17145,0.0637916,-0.0753217,0.052207
439,4l29,-22.2907,-3.61223,29.3693,-31.6523,8.24277,0.289579,-0.0178395,0.10863
440,4l3c,-21.767,-4.87748,30.6815,-29.5338,17.2771,0.723874,-0.0900449,0.0966525
441,4l3e,-18.859,-2.91736,29.4257,-26.255,8.3435,4.18863,-0.336189,0.0982618
442,4l8b,-20.2113,-2.76168,32.6194,-24.5436,3.80879,0.0710001,-0.842565,0.0819474
443,4l8c,-20.7868,-6.37165,34.8165,-25.7751,6.51802,0.147046,-0.685406,0.0
444,4l8d,-20.8477,-4.57897,32.2938,-26.6652,3.44308,0.092237,-0.970449,0.0
445,4lcy,-18.6449,-2.64824,28.3813,-23.768,7.01034,0.532693,-0.441371,0.0
446,4lnr,-20.6911,-1.02459,27.1341,-28.3885,12.523,1.03288,-0.194696,0.0
447,4mj5,-22.1767,-4.25581,32.8558,-29.796,5.38487,0.902911,-0.420397,0.0
448,4mj6,-17.6392,-0.544315,27.2746,-23.9387,3.79399,0.576386,0.564593,0.0
449,4mji,-17.1264,0.321205,22.246,-23.9793,8.27056,1.11957,0.080146,0.0
450,4mnq,-19.9794,-1.62557,27.4746,-28.8464,4.47063,0.132546,-0.194222,0.145297
451,4ms8,-16.5404,-0.896533,19.2291,-23.4541,7.08807,0.0664717,-0.226492,0.0
452,4mvb,-17.0839,0.0261794,22.3249,-23.4038,7.78221,0.241399,-0.0257201,0.0
453,4mxq,-17.8991,-1.60156,21.07,-26.2046,20.1914,0.923888,-0.615624,0.0
454,4n0c,-19.6455,-0.209548,21.1132,-27.8143,6.37915,0.846594,-0.751765,0.0
455,4n5e,-22.003,-3.71285,25.4302,-30.8592,15.1519,0.538985,-0.393647,0.0
456,4n8v,-19.1537,-1.73104,24.4157,-26.8243,4.56924,0.291474,-0.094656,0.0
457,4nny,-17.2097,-1.69023,25.4913,-22.5353,4.13873,0.51129,-0.240819,0.0298419
458,4no0,-17.7672,-2.47167,27.8795,-23.6689,2.98032,0.168916,-0.403768,0.0445263
459,4no5,-19.5196,-2.10314,32.8244,-25.2211,2.68503,0.417117,-0.0250738,0.0601417
460,4nqv,-19.0803,-10.5334,34.0852,-22.0102,7.9084,0.200242,-0.782905,0.405071
461,4nqx,-17.941,-2.69364,29.1259,-21.2716,1.50448,0.229155,-0.734305,0.0591801
462,4nsk,-21.6411,-2.43398,30.354,-29.0219,8.03235,1.17398,-0.504439,0.0459904
463,4nt6,-16.3607,-2.31098,23.6405,-22.5426,1.47491,0.549295,-0.435337,0.0
464,4o2e,-16.0161,-3.30401,24.7528,-20.9093,1.58749,0.193669,-0.531291,0.0992402
465,4o2f,-14.4414,-2.25919,22.0414,-20.1542,0.135456,0.467569,-0.000249975,0.0682161
466,4pg2,-20.4217,-2.46076,30.0631,-26.6245,2.41412,0.282064,-0.431462,0.144919
467,4pg9,-15.3561,-1.25855,25.4432,-19.7198,3.74992,0.0600134,-0.0668149,0.0
468,4pgb,-15.8886,-2.9149,24.3519,-21.2156,3.87895,0.579957,-0.044875,0.0
469,4pgd,-17.0096,-2.25173,26.2462,-21.9622,10.0282,0.0598965,-0.00386711,0.0
470,4pge,-17.0155,-2.0147,26.2834,-21.7956,5.81449,0.112931,-0.0560232,0.0
471,4pr5,-20.6526,-3.42035,31.7205,-27.3172,20.66,0.99975,-0.618812,0.0306322
472,4pra,-20.0966,-4.20637,27.8712,-26.5876,23.18,1.12912,-0.318201,0.075446
473,4prb,-17.0996,-4.0787,27.78,-21.6091,7.70005,0.134838,-0.787674,0.0286954
474,4prd,-17.4217,-4.13246,29.6454,-21.6246,4.4911,0.385311,-0.785305,0.0679634
475,4pre,-18.3469,-5.09971,30.0957,-22.9349,1.82277,0.554128,-0.772006,0.0551438
476,4prh,-19.3797,-1.80884,29.7033,-25.0057,2.39553,0.843968,-0.839551,0.0440224
477,4pri,-17.3733,-4.95907,28.9491,-20.8863,3.70124,0.563173,-0.897186,0.00811495
478,4prn,-19.4047,-3.13846,26.1971,-25.9381,15.5414,0.788869,-0.396413,-6.93889e-18
479,4prp,-17.8569,0.0443581,24.0275,-23.9147,5.58595,0.908309,-0.306202,0.0794998
480,4qok,-17.1898,-1.54968,24.7575,-24.1025,4.04391,1.17496,-0.215571,0.0604395
481,4qrp,-19.6446,-1.8943,31.7917,-24.5887,0.438304,0.0903244,-0.564234,0.054003
482,4qrq,-19.3243,-5.43545,30.6026,-23.9211,9.06798,0.221239,-0.912164,0.110982
483,4qrr,-18.1162,-1.361,23.2666,-24.8166,4.74004,1.31832,-0.149749,0.0214536
484,4qrs,-23.877,-1.92874,30.706,-33.2135,7.7523,1.19696,-0.743821,0.0
485,4qrt,-22.7609,0.333621,27.5951,-32.0205,4.78875,0.278224,0.230059,0.0
486,4qru,-26.0025,-5.07876,33.3126,-33.9294,4.09558,0.255936,-1.27523,0.0
487,4u1h,-18.2276,-1.77171,27.1784,-23.0683,1.38029,0.1011,-0.268516,0.0
488,4u1i,-17.5203,-1.12165,26.5764,-23.0765,4.24428,0.259879,-0.467985,0.0
489,4u1j,-17.0285,-0.319456,24.4471,-22.6755,6.88554,0.072161,-0.00861473,0.0
490,4u1k,-20.5322,-2.72191,27.7439,-26.8656,2.00007,0.235802,-0.74309,0.0
491,4u1l,-19.2658,-1.09764,24.6747,-26.6533,6.02551,0.939462,-0.913928,0.0
492,4u1m,-19.1208,-1.1454,24.4119,-26.1404,3.48057,0.17855,-0.361602,0.0
493,4u1n,-20.3548,-1.81373,25.1308,-28.037,6.08434,0.25432,-0.606292,0.0108892
494,4u1s,-18.3188,-1.71409,23.1142,-25.931,3.38754,1.70667,-0.414494,0.0
495,4wdi,-22.0786,-4.98362,31.0388,-28.4661,8.25719,0.758298,-0.451369,0.0238092
496,4wu5,-18.4587,-2.36049,25.8855,-23.4721,6.99084,0.446397,-0.521694,0.0730775
497,4wu7,-17.2692,-2.04151,22.0338,-24.452,10.2801,0.21095,-0.515263,0.0920869
498,4wuu,-19.5889,-3.71267,24.6429,-26.864,5.81425,0.423575,-0.138196,0.103139
499,4xxc,-17.9606,-2.8591,27.9831,-23.9352,0.312471,0.202335,-0.389176,0.0372608
500,4z76,-22.3966,-6.12701,31.8834,-29.5853,2.96011,0.241677,-0.463662,0.0149502
501,4z77,-21.4554,-5.22731,28.3827,-29.2871,4.31626,0.517132,-0.348545,0.0266572
502,4z78,-21.0996,-4.78699,31.1215,-27.1067,9.56674,0.516054,-0.00422841,0.0336604
503,5b38,-15.4636,-1.93327,23.4892,-20.0901,9.78594,0.172383,-0.469242,0.0
504,5b39,-17.8343,-1.83714,26.4288,-24.2094,13.1101,0.732994,-0.518786,0.0
505,5brz,-16.6133,-3.2302,25.7106,-21.209,2.45891,0.153911,-0.60349,0.0557034
506,5bs0,-17.081,-2.4293,28.6148,-20.3793,3.53597,0.346467,-0.159691,0.0
507,5c07,-14.4282,-1.82073,24.3517,-19.5315,3.18814,0.258758,-0.136999,0.0218142
508,5c08,-16.2805,-0.780593,22.9119,-22.2211,2.65571,0.457373,-0.150986,0.0396559
509,5c09,-17.0409,-3.7432,22.9316,-24.2721,2.45997,0.0613318,0.0591106,0.05033
510,5c0a,-18.216,-1.4749,22.5315,-26.6162,4.13566,0.660472,-0.222051,0.0662403
511,5c0b,-20.6292,-3.37545,31.2788,-26.9433,10.9173,2.34744,-0.0791891,0.0351679
512,5c0c,-15.4164,-1.8631,25.3131,-20.1597,2.53979,0.401744,-0.104423,0.0351281
513,5c0d,-15.4549,-2.31735,26.1424,-19.6264,6.98423,0.124332,-0.143209,0.0930361
514,5c0e,-15.4278,-4.20144,24.9358,-20.8996,3.91567,0.200521,-0.126552,0.0437458
515,5c0f,-18.7345,-2.80047,24.9199,-26.2222,18.6067,0.170686,-0.249546,0.0297719
516,5c0g,-14.885,-4.08675,20.85,-20.3229,5.03854,0.122571,-0.381962,0.0466386
517,5c0i,-18.9945,-3.91918,28.1726,-24.7947,20.1919,0.25572,-0.283821,0.0586413
518,5c0j,-19.8844,-2.69329,29.5208,-26.9914,11.3671,1.09305,-0.376877,0.0
519,5d2l,-18.0112,-2.46881,22.2072,-26.3597,4.46283,1.01184,-0.260807,0.0712042
520,5d2n,-18.6943,-2.49763,27.6709,-24.8666,4.63582,0.536286,-0.139895,0.103811
521,5d9s,-21.9853,-4.68078,30.503,-31.5277,14.0604,0.186999,-0.20224,0.0848319
522,5ddh,-21.2647,-4.44707,31.3634,-29.7127,3.26735,1.10098,-0.735673,0.0746162
523,5def,-23.2816,-11.3023,37.0099,-27.4728,3.31629,1.50888,-1.88134,0.0311778
524,5deg,-20.9567,-8.96791,33.4569,-26.2356,1.38418,0.804292,-1.89863,0.0707836
525,5e00,-17.5965,-1.65482,26.1167,-24.1232,15.5962,0.322441,-0.15017,0.0860724
526,5e6i,-12.1888,-1.08285,16.78,-17.8098,1.28539,0.150487,-0.183212,0.0574014
527,5e8n,-22.3865,-1.11813,28.5227,-30.23,3.75258,0.328697,-0.684813,0.0
528,5e9d,-17.9274,-2.55039,28.4478,-24.402,6.23399,1.49104,-0.227162,0.0267016
529,5enw,-18.3794,-2.03641,28.0325,-25.525,7.44395,0.388336,-0.433845,0.106885
530,5eo0,-19.9254,-8.67895,28.6474,-25.2166,21.2693,0.647512,-0.580757,0.0
531,5eo1,-16.1449,-2.09385,22.5975,-22.2333,1.32456,0.118527,-0.48157,0.0
532,5eot,-19.3343,-2.10164,24.6179,-27.7532,6.96398,0.0691753,-0.0882429,0.0753851
533,5eu3,-17.2421,-2.72623,25.1927,-23.9607,3.18939,0.242489,-0.0861088,0.0749668
534,5eu4,-13.8243,-0.804662,20.6548,-18.5575,3.31046,0.250814,-0.184213,0.069106
535,5eu5,-18.4411,-3.42177,25.9187,-25.4358,11.1503,1.12047,-0.202433,0.0828048
536,5eu6,-18.0945,-3.01982,25.8117,-24.3867,10.0671,0.37309,0.0510403,0.0810813
537,5euo,-16.2006,-1.05122,22.6185,-22.3954,2.34176,0.136012,-0.136287,0.0352283
538,5f7d,-18.1377,0.0815686,27.9219,-24.1003,3.0711,0.253686,-0.182143,0.0748549
539,5f9j,-15.2757,-2.2117,22.5446,-20.4196,4.76487,0.193364,-0.105991,0.0653877
540,5fa3,-19.738,-3.26882,26.8168,-28.5612,11.5761,0.059716,-0.338624,0.114953
541,5fa4,-16.0107,-1.8509,20.4653,-22.0283,0.944548,0.627148,-0.426632,0.0770715
542,5fdw,-18.5369,-3.85522,25.275,-26.3722,14.4944,0.203658,-0.152354,0.0696666
543,5gr7,-20.7486,-1.21447,28.3081,-26.9434,16.3138,0.790684,-0.303745,0.113826
544,5grd,-16.5216,0.214307,28.8966,-19.2727,2.32213,0.288794,0.0615537,0.0
545,5gsr,-21.4338,-2.65763,29.3342,-27.8394,13.863,1.06645,-0.237474,0.113826
546,5gsv,-21.4839,-2.34146,27.4855,-28.8527,3.75585,0.12568,-0.237765,0.0
547,5gsx,-21.9874,-5.90153,31.5379,-28.8813,7.68829,0.237873,-0.431628,0.0313118
548,5hga,-18.3585,-4.50247,23.7183,-25.7367,5.26123,1.74317,-0.503632,0.067335
549,5hgb,-19.089,-5.16576,25.4874,-25.6492,3.0616,0.226616,-0.586575,0.231821
550,5hgd,-16.9792,-1.73453,22.9173,-23.0248,3.64423,1.37894,-0.488982,0.0884959
551,5hgh,-19.8672,-3.40992,27.4884,-26.8612,4.33707,1.0461,-0.779206,0.078232
552,5hhm,-15.2297,-0.335479,21.6,-21.2571,2.78493,0.135145,-0.10978,0.0924109
553,5hhn,-18.7023,-2.99629,23.3307,-27.4988,5.40474,1.39067,-0.264209,0.0762235
554,5hho,-18.537,-1.41027,24.7908,-26.7472,3.8601,0.227655,-0.218019,0.0989801
555,5hhp,-17.8797,-4.33036,25.2833,-24.4358,10.6612,0.526247,-0.38751,0.0797719
556,5hhq,-15.3041,-1.40465,21.8038,-21.0225,1.40456,0.185809,-0.23696,0.074162
557,5hyj,-16.7861,-2.56352,24.0977,-23.5204,10.8917,0.402215,-0.476322,0.047335
558,5ib1,-22.1485,-7.81592,29.3229,-29.6544,7.6109,0.213139,-1.85221,0.0157504
559,5ib2,-22.3677,-9.38641,32.3942,-29.9299,7.20721,0.436588,-1.93899,0.0418079
560,5ib3,-22.0021,-7.04884,30.309,-28.7206,5.54912,0.116271,-1.72585,0.0319486
561,5ib4,-22.1198,-7.18554,31.3274,-28.9201,7.87492,0.251603,-0.906795,0.0645565
562,5ib5,-24.6183,-7.68163,33.408,-32.3102,12.6732,0.324908,-0.874678,0.118036
563,5iek,-17.3914,-3.63239,25.6319,-23.127,1.91655,0.140743,-0.139048,0.0
564,5im7,-18.0136,-3.43945,26.761,-23.4491,4.80488,0.35788,-0.391277,0.0
565,5inc,-17.212,-1.92776,26.2129,-21.8226,1.65181,0.423469,-0.125405,0.0
566,5ind,-19.1828,-2.21582,30.5946,-24.2026,5.94716,0.573375,-0.637686,0.0
567,5iro,-14.4757,-0.769585,18.4195,-21.1073,10.5799,0.196378,-0.140982,0.0640251
568,5isz,-17.892,-3.97237,24.2356,-25.2728,8.3797,1.17726,-0.16263,0.11916
569,5ivx,-20.7246,-6.19409,32.0162,-24.6923,5.15433,0.697804,-0.817891,0.0
570,5jhd,-16.4991,-2.14228,22.1455,-23.6417,5.00098,0.493,-0.0704184,0.0880557
571,5jwd,-20.8964,-1.65569,28.6885,-27.7492,9.70379,1.26441,-0.468005,0.0
572,5jwe,-17.351,-1.55848,26.3681,-20.8986,1.98183,0.0414218,-0.489776,0.124104
573,5jzi,-18.1411,-1.63115,26.0584,-25.1598,6.88156,0.824513,-0.0531276,0.092884
574,5kd4,-17.529,-2.19575,23.6147,-23.3299,9.82296,1.50334,-0.290943,0.0
575,5kd7,-18.5524,-4.3913,27.9172,-23.4656,17.3493,0.298094,-0.717437,0.0
576,5m00,-22.7118,-4.44646,33.2311,-30.4676,4.79566,0.243513,-0.735102,0.0143529
577,5m01,-22.1037,-2.69558,34.1565,-28.8326,5.27082,0.409914,-0.713011,0.0
578,5m02,-22.0895,-4.93467,30.555,-29.6006,5.77749,0.12442,-0.546104,0.0
579,5men,-19.5648,-1.16523,27.2074,-27.9477,9.42789,0.249196,-0.101148,0.193669
580,5meo,-19.9734,0.816913,26.0296,-27.683,9.76513,0.405716,0.0369502,0.0900884
581,5mep,-21.7524,-3.31167,29.3625,-31.6932,8.65031,0.186003,-0.0774723,0.0702658
582,5meq,-19.2234,-1.53241,27.8809,-26.2631,2.0461,0.262798,-0.110715,0.221051
583,5mer,-18.5145,-1.80462,25.2675,-26.858,4.99507,0.226578,-0.0823306,0.128894
584,5mzm,-21.3544,-2.4055,28.8635,-28.1081,3.12256,0.320304,-0.40998,0.0652445
585,5n1y,-20.4562,-2.59091,26.0398,-29.4269,17.5222,0.216585,-0.225959,0.0507007
586,5n6b,-20.4268,-1.61158,27.0234,-28.811,17.9098,0.894522,-0.100474,0.0634235
587,5nht,-16.5285,-1.04496,24.0984,-22.7474,13.6608,3.06334,-0.205674,0.0946175
588,5nme,-16.6352,-1.12552,25.0898,-22.0111,5.29018,1.08974,-0.113991,0.0800164
589,5nmf,-17.9108,-0.500577,23.6932,-25.3156,3.74929,0.585145,-0.210988,0.0900623
590,5nmg,-18.0575,-1.68543,26.4141,-23.8611,5.23558,1.48416,-0.189457,0.0891589
591,5nmh,-15.7744,-1.3514,23.3117,-20.7779,2.50602,0.124738,-0.19136,0.0669299
592,5nmk,-17.6737,-1.72358,26.1026,-23.9182,4.25646,0.554803,-0.19796,0.0871214
593,5nqk,-19.49,-4.08608,28.8482,-27.7652,27.0199,1.31067,-0.306388,0.518263
594,5swq,-15.5944,-1.69682,21.6146,-20.733,5.26079,0.577244,-0.13674,0.0089023
595,5sws,-20.6956,-2.80934,32.2593,-25.9112,6.11799,0.10203,-0.563097,0.0
596,5t6w,-17.3527,-1.96091,25.9354,-21.4744,2.62501,0.145161,-0.476352,0.0
597,5t6x,-15.5797,-2.10508,24.6813,-18.8461,1.85748,0.158585,-0.395041,0.0
598,5t6y,-21.1114,-3.42489,29.4832,-29.1973,10.7807,0.250992,-0.34614,0.0
599,5t6z,-19.0342,-1.73076,27.049,-24.3095,8.95587,0.148001,-0.458158,0.0
600,5t70,-16.6278,-2.53604,26.0964,-21.3767,6.15815,0.0752589,-0.317784,0.0
601,5t7g,-18.7135,-5.96462,27.931,-24.36,22.5236,0.759126,-0.603488,0.0
602,5tez,-16.334,-0.929704,23.881,-23.164,2.44607,0.564713,-0.0969451,0.0812901
603,5til,-18.7236,-1.63077,28.0313,-24.5245,0.729171,0.0512331,-0.359382,0.0355397
604,5tje,-21.6476,-2.77304,32.0277,-28.5812,9.59646,0.31073,-0.632048,0.0
605,5trz,-18.9813,-1.7825,22.497,-24.709,9.21411,0.393343,-0.236902,0.0
606,5ts1,-20.2217,-3.10003,30.2406,-25.8552,3.33741,0.296674,-0.375152,0.0169122
607,5txs,-18.4772,-5.36579,29.6762,-23.1009,5.24453,0.376315,-0.580411,0.0
608,5u98,-15.4958,-1.33105,23.1133,-21.5035,2.90014,0.191271,-0.362729,0.0
609,5v5l,-17.1903,-2.25984,23.5639,-23.1583,2.53847,0.760291,-0.598887,0.0
610,5v5m,-18.2309,-1.92766,26.1249,-23.9449,5.2125,0.236297,-0.41794,0.0
611,5vgd,-20.5174,-6.21569,32.4474,-26.0786,3.77596,1.00507,-0.746148,0.0
612,5vge,-14.9333,-3.78753,25.5416,-18.7922,3.31181,0.308867,-0.589658,0.0
613,5vud,-15.7406,-1.7785,22.2423,-21.3103,1.61782,0.238316,-0.463036,0.0
614,5vue,-17.6291,-3.62794,25.5386,-23.6578,3.19268,0.635655,-0.771021,0.0
615,5vuf,-18.2936,-1.29213,23.9483,-24.5718,1.70488,0.925064,-0.629967,0.0
616,5vvp,-17.494,-1.36362,25.8307,-23.044,0.708179,0.793236,-0.431676,0.0
617,5vwd,-17.2486,-1.48853,22.5846,-24.5714,3.37895,0.338645,-0.388113,0.0
618,5vwf,-18.1299,-1.78985,23.6155,-25.7844,4.52089,0.599352,-0.439277,0.0
619,5vwh,-16.6436,-1.70015,26.9684,-20.5805,2.47142,2.59574,-0.410786,0.0
620,5vwj,-17.7659,-1.98432,22.8104,-25.8207,9.62922,0.914023,-0.479145,0.0
621,5vz5,-22.0117,-2.57678,34.0034,-26.9559,7.12123,0.354526,-0.276994,0.0
622,5w1v,-18.2092,-2.65231,22.2491,-25.4201,10.4828,0.369891,-0.858864,0.0667287
623,5w1w,-19.1034,-2.8304,25.1017,-25.9038,2.86143,0.130183,-0.523391,0.0882061
624,5w69,-18.4666,-4.97782,24.2368,-25.4799,2.00091,0.0176555,0.298001,0.0
625,5w6a,-18.7047,-1.62542,27.7401,-24.4358,4.08736,0.123313,0.00772728,0.0
626,5weu,-16.2045,-4.84733,22.7594,-21.4054,7.16484,0.326105,-0.21832,0.0
627,5wjl,-13.8591,-0.349528,25.0959,-16.1356,8.90778,0.267211,0.0759639,0.0
628,5wjn,-15.92,0.162754,30.4173,-18.0262,15.3185,0.149877,-0.0560932,0.0
629,5wkf,-15.5848,0.185981,27.5947,-18.285,4.7738,0.44713,-0.0665793,0.0
630,5wkh,-18.0575,-3.34846,29.6136,-21.4868,10.1462,0.297866,-0.645343,0.0
631,5wlg,-21.1123,-2.39181,29.3176,-28.5346,2.15166,0.0682673,-0.745177,0.0627571
632,5wli,-23.219,-1.30383,28.8288,-32.1612,19.5002,0.531813,-0.286065,0.0512729
633,5wmn,-19.2988,-0.205451,25.6244,-26.1192,18.9371,0.898875,-0.115195,0.0
634,5wmo,-20.0721,-3.82283,26.0381,-26.7801,3.83348,1.00735,-1.00386,0.0
635,5wmp,-15.3394,-1.37921,24.5381,-19.7229,2.24207,0.630414,-0.449183,0.0
636,5wmq,-21.5439,-0.951475,28.6363,-28.52,14.3406,0.839238,-0.438873,0.0
637,5wmr,-20.6243,-1.24403,29.821,-27.2739,3.26882,0.442724,0.0904288,0.0
638,5wsh,-17.2128,-2.9862,27.1295,-22.1758,6.21353,0.408792,-0.354386,0.0822282
639,5wwi,-21.9839,-5.2489,27.9779,-30.3048,6.16649,0.223822,-1.09569,0.0435576
640,5wwu,-20.38,-5.26554,30.7172,-27.0455,2.27347,0.248713,-0.654523,0.0374335
641,5wxd,-20.2274,-4.60522,27.7101,-28.7145,1.68668,0.324834,-0.715538,0.0301096
642,5xos,-17.4307,-3.47101,25.2137,-24.4447,7.01332,0.112838,-0.742526,0.0
643,5xot,-17.0089,-2.84845,22.5997,-24.3687,1.203,0.135177,-0.396307,0.0
644,5xov,-19.2143,-2.24361,25.3858,-25.7744,10.3516,0.428135,-0.752653,0.10775
645,5xs3,-20.3942,-6.01751,32.2852,-24.9549,1.31667,0.436007,-1.03406,0.0
646,5yxn,-17.669,-2.06412,22.6498,-26.4481,7.55293,0.886088,-0.18683,0.0550988
647,5yxu,-18.461,-1.44897,24.4154,-27.0785,12.3747,0.688329,-0.029509,0.071056
648,6aee,-23.4959,-6.10828,34.2346,-28.5539,6.88273,0.55756,-0.939275,0.219019
649,6am5,-19.817,-1.93825,27.1241,-28.1909,6.70577,1.06405,-0.137395,0.0571055
650,6amt,-18.9385,-2.46304,24.9429,-26.4978,3.29985,0.101255,-0.129679,0.0782509
651,6amu,-18.2125,-1.78875,24.8475,-24.7131,1.9182,0.151471,-0.0876848,0.0710565
652,6at5,-15.1293,-3.83183,25.3343,-17.4223,14.4455,0.115392,-0.511207,0.0616113
653,6at9,-20.3581,-2.03782,31.3563,-23.0095,5.13457,1.33482,-0.333937,0.010607
654,6avf,-16.5543,-3.78109,29.1363,-19.0135,15.089,0.525062,-0.47347,0.0325842
655,6avg,-12.1469,-1.02494,21.3291,-14.6007,7.75627,0.039798,-0.36101,0.108083
656,6bj2,-17.6216,-3.03959,27.3163,-23.6877,4.80802,0.773478,-0.662624,0.0
657,6bj3,-17.1328,-2.97861,25.2207,-23.7594,1.82963,0.117463,-0.128874,0.0
658,6bj8,-16.7719,-3.51757,24.945,-23.3205,3.36651,0.0875654,-0.429325,0.0
659,6d29,-18.1162,-2.13843,23.4161,-25.296,7.05362,0.195926,-0.429993,0.0
660,6d2r,-15.3868,-1.82221,23.2112,-19.5216,11.4888,1.04464,-0.451661,0.0235642
661,6d2t,-14.7491,-1.61946,20.0478,-20.8295,1.65715,0.024331,-0.501601,0.0
662,6d78,-15.5026,-1.60179,21.4723,-23.1849,8.03535,0.212678,-0.081802,0.0559111
663,6dkp,-19.2903,-1.22449,27.3927,-28.1407,11.2316,0.354489,-0.126932,0.069902
664,6ei2,-18.9349,-0.999621,25.1821,-25.6236,3.91666,0.224144,-0.116106,0.0
665,6eqa,-14.571,-1.11603,21.289,-20.7709,14.1102,0.327222,-0.0637043,0.0702688
666,6eqb,-13.5834,-1.68289,19.5334,-19.046,15.0194,0.837152,-0.135544,0.0687361
667,6ewa,-18.4936,-2.20514,26.7529,-25.4444,2.11122,0.0349452,0.0458894,0.115984
668,6ewc,-18.2692,-1.44957,24.9286,-25.5158,4.2187,0.158432,-0.102776,0.0976605
669,6ewo,-16.5502,-0.859409,25.1145,-20.4634,3.65885,0.0979682,-0.403044,0.0596346
670,6g3j,-19.6484,-1.86536,27.2178,-27.5898,7.00752,1.91518,-0.144098,0.0854733
671,6g3k,-17.7657,-1.83863,24.3223,-25.0515,4.62945,1.07347,-0.177597,0.0564923
672,6g9q,-21.7811,-4.24696,33.961,-28.5286,9.95003,0.134489,-0.634489,0.0559443
673,6g9r,-21.7696,-1.40534,27.9686,-30.0855,12.6078,0.278032,-0.117384,0.0522118
674,6ggm,-19.4396,-5.01494,27.576,-26.4515,11.189,0.500335,-0.883005,0.0240561
675,6gh1,-17.9379,-3.82985,26.3511,-24.0393,3.37677,0.120233,-0.956295,0.0560873
676,6gh4,-18.7566,-2.19412,28.3498,-24.668,3.57958,0.108156,-0.397596,0.0535177
677,6ghn,-16.4351,-2.16763,22.0354,-22.7924,5.14425,0.0758624,-0.263076,0.0219064
678,6gl1,-17.8067,-2.55542,26.1137,-23.6538,3.79908,0.532797,-0.613872,0.0417601
679,6h6d,-16.2901,-1.02734,24.1441,-21.6843,5.1602,0.509016,-0.630705,0.0
680,6h6h,-18.6986,-3.1731,27.9003,-25.0267,6.215,0.0982944,-0.456991,0.0
681,6id4,-18.6075,-0.0890986,30.4372,-22.915,4.35125,0.129818,0.0909529,0.0
682,6iex,-18.0508,-4.42006,26.6189,-25.3021,4.45658,0.44519,-0.772657,0.150138
683,6j1v,-19.4401,-1.46483,28.5946,-25.2384,4.73832,0.676207,-0.456101,0.119632
684,6j1w,-17.9351,-0.577934,25.2682,-24.2271,1.85816,0.0373913,-0.127006,0.0
685,6j29,-18.9845,-2.36402,26.4397,-25.2054,7.54255,0.13893,-0.370594,0.119739
686,6j2a,-19.2599,-3.39483,32.3983,-24.5305,2.67524,0.185459,-0.100617,0.211082
687,6joz,-18.1539,-4.51235,29.3011,-23.5933,4.10904,0.366398,-0.109157,0.0
688,6jq2,-14.3871,-0.957304,22.8582,-18.5885,2.05211,0.0892213,-0.0190699,0.0
689,6jq3,-16.4991,0.101428,25.9647,-21.8262,3.3928,0.27274,0.0568577,0.0
690,6jtn,-16.0859,-4.27766,27.4918,-20.3883,12.6999,0.0968675,-0.174635,0.0
691,6jto,-15.9733,-4.84487,27.7951,-19.6315,5.96726,0.36022,-0.60204,0.0
692,6jtp,-12.705,-3.43731,27.8643,-14.3631,6.87238,0.106547,-0.159445,0.0
693,6k60,-23.4996,-5.92955,35.1323,-28.6907,3.00762,0.246506,-1.36574,0.259455
694,6l9k,-21.3195,-5.80521,30.3621,-26.0599,11.9059,0.785451,-0.550088,0.285384
695,6l9l,-21.9737,-2.41941,28.3403,-27.8836,19.1315,0.168519,-0.369029,0.0175416
696,6mpp,-15.7664,-4.21781,24.4397,-19.6429,5.31147,0.729093,-0.73364,0.0373342
697,6mt3,-18.452,-1.99744,26.2305,-24.3283,0.127258,0.0758146,-0.063078,0.0
698,6mt4,-19.4636,-3.55966,27.4191,-25.9366,2.59586,0.242503,-0.309172,0.00977266
699,6mt5,-19.8526,-3.71804,28.3063,-27.5147,2.52979,0.466524,0.00459012,0.00878212
700,6mt6,-16.2288,-1.25564,26.5375,-22.1554,1.81586,0.120808,-0.00359852,0.0223018
701,6mtl,-18.6394,-0.371221,26.2408,-24.0002,3.69778,0.279407,-0.236443,0.0
702,6mtm,-20.2725,-4.35871,31.1699,-26.3717,1.93188,1.03918,-0.266238,0.034111
703,6nca,-18.9418,-2.48976,26.9752,-26.8132,1.88995,0.373063,-0.314876,0.169701
704,6npr,-17.477,-6.39916,23.5167,-22.8304,30.741,0.788354,-0.739687,0.0
705,6o4y,-16.0907,-1.11884,25.675,-21.3047,4.95028,0.0962909,0.02756,0.0938353
706,6o4z,-16.7703,-2.71122,24.4599,-24.2974,1.82301,0.173986,-0.0792263,0.0548294
707,6o51,-14.6383,-2.34847,22.753,-20.2028,3.66176,1.00279,-0.153633,0.0753059
708,6o53,-15.0169,-1.98235,24.2603,-20.8602,8.17331,0.3669,-0.12173,0.0429967
709,6o9b,-14.1434,-1.57259,26.5954,-16.8712,0.47758,0.161446,-0.250294,0.0
710,6o9c,-14.0454,-1.79957,25.6207,-17.2014,6.19209,0.0339775,-0.21529,0.0
711,6opd,-18.0245,-2.57121,26.7265,-25.2031,1.74641,0.578414,-0.17104,0.0810292
712,6p64,-22.5971,-3.03864,28.2872,-33.2704,8.28333,0.252633,-0.132583,0.0902831
713,6pa1,-16.5353,-1.8071,26.4315,-21.7618,0.639961,0.0922298,-0.347248,0.0
714,6pag,-16.2604,-3.54195,25.5309,-20.8819,1.3261,0.120091,-0.659109,0.0
715,6ptb,-19.8945,-1.56294,26.4573,-28.7596,2.87098,1.4974,-0.0117528,0.0827256
716,6pte,-20.2215,-1.39552,27.1505,-29.2634,3.39209,0.557845,-0.0733447,0.0868288
717,6pyj,-18.563,-5.08975,26.0995,-24.2721,6.91723,1.81342,-0.430175,0.01708
718,6pyl,-17.2654,-2.79542,26.9956,-23.6945,0.378224,0.854874,-1.00844,0.0209538
719,6pyv,-19.2117,-4.94867,30.0803,-23.2339,2.58339,0.123727,-0.925724,0.00416421
720,6pyw,-19.5987,-2.94315,29.6727,-24.2214,1.2782,0.299594,-0.450692,0.0388181
721,6pz5,-18.196,-2.16711,26.3903,-23.6765,1.12096,1.09354,-0.452055,0.0290474
722,6q3k,-18.1554,-1.89652,24.3259,-25.219,3.08463,0.148476,-0.147151,0.0889562
723,6q3s,-21.3442,-1.7225,23.3144,-31.6099,6.02035,0.458751,-0.21953,0.121981
724,6r2l,-15.54,-0.791965,21.3483,-21.9588,2.48621,0.854253,-0.160193,0.078978
725,6rp9,-21.5753,-2.70405,26.5558,-31.6116,17.5352,0.195929,-0.136702,0.0684677
726,6rpa,-18.6153,-1.03727,25.7116,-26.1179,1.18603,0.289229,-0.207052,0.0681907
727,6rpb,-21.3616,-2.04334,26.2715,-31.0824,4.42819,0.146546,-0.175936,0.0749457
728,6rsy,-19.8169,-1.35571,27.929,-25.7941,6.82874,2.03653,-0.164665,0.133884
729,6ss7,-17.3509,-1.38892,23.6502,-24.4226,3.1392,0.124088,-0.181857,0.101152
730,6ss8,-20.4182,-3.92619,27.0693,-28.8112,9.01391,1.26657,-0.136237,0.0751371
731,6ss9,-17.6331,-2.4937,22.7648,-25.3701,9.16537,0.331376,-0.163436,0.0628787
732,6ssa,-19.2792,-2.07262,25.669,-26.7177,2.74302,0.204248,-0.127093,0.113826
733,6tmo,-19.5954,-2.15362,27.1607,-28.6445,17.5898,2.55563,-0.000147498,0.0515263
734,6trn,-17.7385,-3.8709,23.5945,-24.1799,14.989,0.18046,-0.29358,0.561218
735,6tro,-18.4312,-1.48704,30.0901,-23.6635,6.8409,0.50151,-0.399125,0.0687084
736,6uj7,-17.6259,-1.2391,25.2431,-23.1589,5.61421,0.983982,-0.28987,0.0
737,6uj8,-20.6526,-1.94708,30.369,-25.4976,11.257,1.19643,-0.59166,0.0
738,6uj9,-18.9061,-1.27126,27.3471,-25.0183,9.79397,0.510443,-0.262714,0.0
739,6ujo,-24.2378,-5.10212,29.6731,-35.0789,14.1784,0.32874,-0.0464847,0.102295
740,6ujq,-21.6189,-3.20935,26.3809,-31.721,21.1744,0.181587,-0.134218,0.0880685
741,6uk2,-21.2999,-3.33577,30.8241,-29.9462,10.1375,0.600106,-0.264572,0.0716561
742,6uk4,-20.2854,-1.19291,25.6406,-29.6559,3.37527,0.095548,-0.24932,0.0877249
743,6uli,-15.0744,-3.92635,29.8363,-18.5016,5.13207,0.770033,-0.623413,0.0
744,6ulk,-15.4398,-4.15696,27.443,-19.1883,14.7572,0.0868024,-0.969166,0.0
745,6uln,-13.5576,-2.77415,24.8552,-16.4609,10.3156,0.100961,-0.539023,0.0
746,6ulr,-14.3791,-1.73682,26.6952,-16.83,11.7398,0.0989366,-0.307121,0.0
747,6uon,-15.1081,-4.26614,27.9068,-18.0976,3.35606,0.248908,-0.464868,0.0
748,6uz1,-19.676,-1.57603,24.3691,-28.7008,19.2832,0.199308,-0.108138,0.0624186
749,6uzm,-17.5698,-1.08097,29.8093,-21.0399,2.26893,0.0932318,-0.103436,0.183061
750,6uzn,-15.4872,-1.50972,25.492,-19.2653,1.50403,0.0248276,-0.262608,0.0874239
751,6uzo,-16.9237,-0.551944,25.8419,-20.7131,2.52789,0.109933,-0.0883496,0.0970542
752,6uzp,-16.6128,-1.58401,26.6714,-20.6092,2.66601,0.113038,-0.172307,0.100638
753,6uzq,-18.7936,-0.961601,28.3269,-22.7888,5.00854,0.383087,-0.292806,0.0890631
754,6uzs,-17.1466,-4.50706,27.7567,-21.5405,1.50979,0.0876687,-0.367707,0.340108
755,6v2o,-17.3086,-1.94507,23.0821,-24.3539,12.4949,0.130611,-0.430289,0.0
756,6v2p,-14.7036,-1.90269,21.8322,-19.8987,2.05294,0.066339,-0.444145,0.0
757,6v2q,-15.8799,-1.76952,23.5956,-21.5437,5.30516,0.0560586,-0.424652,0.0
758,6v3j,-16.4553,-2.06297,24.2784,-21.5136,11.8231,0.487538,-0.471644,0.0
759,6vb0,-17.7131,-2.72698,27.3344,-23.2128,1.891,0.11287,-0.112861,0.0
760,6vb1,-18.0855,-3.97466,30.8253,-21.2843,2.27554,0.237627,-0.0902538,0.0
761,6vb2,-18.9276,-2.98948,27.0315,-24.4919,1.6478,0.386602,-0.573639,0.0
762,6vb3,-16.2034,-2.33304,27.4184,-19.5571,2.86385,0.0912409,-0.152111,0.0859722
763,6vb4,-16.4954,-1.39503,26.978,-20.2786,2.06565,0.330525,-0.117596,0.0939133
764,6vb5,-17.646,-1.66456,27.7098,-20.8032,3.02979,0.658873,-0.0762493,-6.93889e-18
765,6vb6,-19.9283,-4.67205,30.8876,-22.9742,3.73885,0.198737,-0.157019,0.100665
766,6vb7,-16.7319,-1.61901,27.7607,-20.5318,1.80804,0.236014,-0.403188,0.579286
767,6viu,-17.1846,-3.23334,29.2265,-20.7818,4.33209,0.105814,-0.130986,0.0
768,6vm7,-17.4033,-1.14733,26.8938,-22.7349,2.22626,0.535762,-0.160555,0.104585
769,6vm8,-19.8779,-5.41171,27.6703,-27.1663,12.5748,0.525064,-0.674552,0.533459
770,6vm9,-17.8608,-0.188713,22.4318,-25.4949,1.85269,0.200388,-0.113615,0.0485673
771,6vma,-16.4389,-1.43304,22.6526,-22.8811,2.85564,0.312565,-0.245281,0.0357264
772,6vmc,-17.9454,-0.644014,24.7586,-24.5174,3.24314,0.335076,-0.291276,0.0853572
773,6vmx,-18.5038,-1.50074,24.3262,-24.0083,8.47876,0.71182,-0.919531,0.0
774,6vpz,-19.356,-4.01967,29.4735,-25.4678,3.25075,0.573038,-1.23965,0.0206453
775,6vqo,-20.4753,-3.87352,31.5921,-26.744,5.22379,0.58922,-0.339881,0.0570304
776,6vr1,-19.999,-1.86345,29.3363,-26.7623,3.00494,0.316066,-0.176264,0.170104
777,6vr5,-19.8541,-2.03206,27.9222,-27.3206,3.39411,0.456625,0.101364,0.0479482
778,6vrm,-21.1075,-2.99029,30.5398,-28.6816,9.724,0.463178,0.0741136,0.27804
779,6vrn,-20.804,-3.55937,31.2127,-28.3615,3.50703,0.751591,-0.194029,0.134276
780,6w51,-20.5864,-1.16491,28.7219,-28.2879,6.5365,0.306376,-0.206898,0.136919
781,6wl2,-16.7544,-5.55089,27.5515,-19.3211,7.24043,0.194049,-0.142929,0.0
782,6wl3,-13.5887,-1.33618,20.4055,-17.1392,4.49187,0.196546,-0.292448,0.0
783,6wl4,-14.7402,-2.74038,22.7185,-18.8283,3.10899,0.104625,-0.030271,0.0
784,6wzy,-15.5967,0.277932,26.691,-19.2055,2.10425,0.489664,-0.0472978,0.0
785,6x00,-18.9677,-2.37482,29.2948,-24.5013,1.85654,0.0260906,-0.513722,0.0736888
786,6xqa,-19.3021,-4.24667,27.7571,-26.019,14.09,0.525862,-0.404112,0.0943588
787,6y26,-14.329,-1.92748,22.5612,-19.0735,6.94616,0.0897331,-0.38658,0.0
788,6y27,-15.2458,-1.08879,22.3892,-21.5039,1.76731,0.132794,-0.379733,0.0107843
789,6y28,-16.4554,-1.10886,22.3744,-23.9356,5.97848,0.363626,-0.709932,0.006347
790,6y29,-15.2989,-2.97768,24.752,-20.7618,2.16643,0.167962,-0.02379,0.0423222
791,6y2a,-19.7866,-6.65004,31.6657,-24.5024,1.7592,0.571385,-1.01617,0.0192215
792,6y2b,-16.2982,-1.20715,22.84,-22.4879,1.25323,0.0832941,-0.559934,0.170045
793,6z9v,-20.3265,-3.90717,26.3294,-29.6902,10.1028,0.850746,-0.16986,0.00943196
794,6z9w,-20.0406,-3.2858,25.3125,-28.8033,7.20591,0.145294,-0.18831,0.0572791
795,7ji2,-17.9772,-5.6965,28.1127,-23.1635,2.21487,0.277487,-0.398969,0.23329
796,7jwi,-21.6623,-1.72492,34.77,-26.5382,3.54612,0.0728562,-0.403009,0.0
797,7jwj,-19.4342,-2.59773,27.2986,-25.768,1.66431,0.0403901,-0.357026,0.0
798,7jyu,-17.2746,-1.91053,23.841,-24.5329,3.93689,0.404903,-0.569093,0.156961
799,7jyv,-20.6309,-5.32141,30.8336,-26.0211,8.61295,0.347788,-0.588705,0.351935
800,7jyw,-23.4792,-1.32579,30.5095,-31.4412,8.90064,0.528671,-0.659898,0.0957059
801,7jyx,-24.0997,-3.97667,33.0704,-31.6812,8.12901,0.199317,-0.329449,0.368776
802,7k80,-17.7179,-1.57923,22.3504,-25.2581,5.44159,0.803999,-0.450595,0.0805601
803,7k81,-18.2084,-2.22122,26.324,-23.5824,4.36636,0.226833,-0.505314,0.0661658
804,7kgo,-19.8087,-3.12579,32.9338,-25.6132,7.62781,0.633009,-0.394054,0.204054
805,7kgp,-18.2955,-0.518704,24.9194,-24.5586,3.00342,0.442657,-0.203774,0.0933221
806,7kgq,-19.4616,-1.37292,26.1816,-27.9765,1.96589,0.0353551,-0.249068,0.0707515
807,7kgr,-15.1487,-1.55346,22.2763,-21.2708,5.33704,0.0535808,-0.195732,0.0497399
808,7kgs,-19.5383,-1.06495,30.3725,-26.0593,5.6616,0.421229,0.0432881,0.191594
809,7lfz,-18.6019,-3.97327,26.7734,-24.2369,2.64139,0.793503,-0.699748,0.0
810,7lg0,-21.4466,-3.0963,26.5275,-28.1894,16.4179,0.459555,-0.533306,0.0
811,7lg2,-19.0447,-3.49127,30.12,-25.3237,6.17505,0.918062,-0.0545516,0.0827986
812,7lg3,-20.1957,-5.43882,29.2932,-26.9211,18.7631,0.101418,-0.0253073,0.112023
813,7lgd,-21.6154,-5.44597,29.6322,-27.7201,9.08352,1.26003,-0.551238,0.0
814,7lgt,-19.265,-7.14512,27.6756,-24.934,10.4745,0.947367,-0.567461,0.0
815,7m8s,-18.6595,-2.93828,30.9338,-24.0676,3.44085,0.738844,-0.154641,0.0563255
816,7m8t,-17.1963,-1.60026,26.528,-21.1455,11.2507,0.0398737,0.170037,0.0
817,7m8u,-18.7963,0.60636,21.7034,-27.0358,3.16528,0.386972,-0.119485,0.0
818,7mkb,-18.1837,-1.58527,25.7353,-25.4163,3.75163,0.0973612,-0.0417938,0.0550167
819,7n1a,-18.872,-2.12445,25.4091,-27.1896,2.32582,0.118727,-0.14341,0.0623996
820,7n1b,-19.3249,-2.60042,31.032,-23.8129,1.68925,0.728879,-0.209926,0.0804347
821,7n1e,-21.2778,-3.37911,30.7304,-28.4055,5.34647,0.192605,0.040983,0.349737
822,7n1f,-20.3281,-1.18134,29.4016,-26.8847,4.0646,0.514622,0.00382947,0.0826021
823,7n6d,-18.4256,-1.71436,26.0309,-26.1545,2.81577,0.768642,-0.100381,0.0812748
824,7n6e,-20.1983,-3.49779,28.7497,-26.5249,2.50597,0.370773,-0.181039,0.0987625
825,7nui,-19.8105,-1.20115,29.3187,-24.8119,2.33687,0.75317,-0.433758,0.0
826,7p3d,-19.5966,-2.28006,27.6952,-27.3769,2.01745,0.613221,-0.00228899,0.0542498
827,7p3e,-20.7771,-2.38191,28.5878,-28.6454,2.0267,0.24903,-0.386942,0.0867896
